setting,family,place_km,season_days,place_weight,season_weight,cap,radius_km,penalty,genus_rule,density_km,density_weight,dna_place_weight,season_source,species_right,genus_right
0,dna,75.0,10.0,0.0,0.0,log 5,,,,,,,,1526,2422
1,dna,75.0,10.0,0.0,0.0,log 20,,,,,,,,1526,2422
2,dna,75.0,10.0,0.0,0.25,log 5,,,,,,,,1563,2436
3,dna,75.0,10.0,0.0,0.25,log 20,,,,,,,,1566,2437
4,dna,75.0,10.0,0.0,0.5,log 5,,,,,,,,1575,2435
5,dna,75.0,10.0,0.0,0.5,log 20,,,,,,,,1575,2432
6,dna,75.0,10.0,0.0,1.0,log 5,,,,,,,,1582,2430
7,dna,75.0,10.0,0.0,1.0,log 20,,,,,,,,1575,2426
8,dna,75.0,10.0,0.25,0.0,log 5,,,,,,,,1574,2430
9,dna,75.0,10.0,0.25,0.0,log 20,,,,,,,,1581,2439
10,dna,75.0,10.0,0.25,0.25,log 5,,,,,,,,1589,2441
11,dna,75.0,10.0,0.25,0.25,log 20,,,,,,,,1598,2446
12,dna,75.0,10.0,0.25,0.5,log 5,,,,,,,,1597,2441
13,dna,75.0,10.0,0.25,0.5,log 20,,,,,,,,1598,2439
14,dna,75.0,10.0,0.25,1.0,log 5,,,,,,,,1601,2431
15,dna,75.0,10.0,0.25,1.0,log 20,,,,,,,,1597,2434
16,dna,75.0,10.0,0.5,0.0,log 5,,,,,,,,1585,2434
17,dna,75.0,10.0,0.5,0.0,log 20,,,,,,,,1599,2436
18,dna,75.0,10.0,0.5,0.25,log 5,,,,,,,,1605,2442
19,dna,75.0,10.0,0.5,0.25,log 20,,,,,,,,1605,2437
20,dna,75.0,10.0,0.5,0.5,log 5,,,,,,,,1613,2444
21,dna,75.0,10.0,0.5,0.5,log 20,,,,,,,,1609,2438
22,dna,75.0,10.0,0.5,1.0,log 5,,,,,,,,1611,2439
23,dna,75.0,10.0,0.5,1.0,log 20,,,,,,,,1610,2435
24,dna,75.0,10.0,1.0,0.0,log 5,,,,,,,,1573,2430
25,dna,75.0,10.0,1.0,0.0,log 20,,,,,,,,1548,2405
26,dna,75.0,10.0,1.0,0.25,log 5,,,,,,,,1590,2445
27,dna,75.0,10.0,1.0,0.25,log 20,,,,,,,,1560,2415
28,dna,75.0,10.0,1.0,0.5,log 5,,,,,,,,1602,2440
29,dna,75.0,10.0,1.0,0.5,log 20,,,,,,,,1565,2414
30,dna,75.0,10.0,1.0,1.0,log 5,,,,,,,,1591,2430
31,dna,75.0,10.0,1.0,1.0,log 20,,,,,,,,1551,2406
32,dna,75.0,20.0,0.0,0.0,log 5,,,,,,,,1526,2422
33,dna,75.0,20.0,0.0,0.0,log 20,,,,,,,,1526,2422
34,dna,75.0,20.0,0.0,0.25,log 5,,,,,,,,1556,2435
35,dna,75.0,20.0,0.0,0.25,log 20,,,,,,,,1557,2436
36,dna,75.0,20.0,0.0,0.5,log 5,,,,,,,,1572,2442
37,dna,75.0,20.0,0.0,0.5,log 20,,,,,,,,1574,2443
38,dna,75.0,20.0,0.0,1.0,log 5,,,,,,,,1588,2441
39,dna,75.0,20.0,0.0,1.0,log 20,,,,,,,,1590,2443
40,dna,75.0,20.0,0.25,0.0,log 5,,,,,,,,1574,2430
41,dna,75.0,20.0,0.25,0.0,log 20,,,,,,,,1581,2439
42,dna,75.0,20.0,0.25,0.25,log 5,,,,,,,,1574,2431
43,dna,75.0,20.0,0.25,0.25,log 20,,,,,,,,1594,2443
44,dna,75.0,20.0,0.25,0.5,log 5,,,,,,,,1598,2437
45,dna,75.0,20.0,0.25,0.5,log 20,,,,,,,,1600,2441
46,dna,75.0,20.0,0.25,1.0,log 5,,,,,,,,1599,2442
47,dna,75.0,20.0,0.25,1.0,log 20,,,,,,,,1603,2443
48,dna,75.0,20.0,0.5,0.0,log 5,,,,,,,,1585,2434
49,dna,75.0,20.0,0.5,0.0,log 20,,,,,,,,1599,2436
50,dna,75.0,20.0,0.5,0.25,log 5,,,,,,,,1604,2443
51,dna,75.0,20.0,0.5,0.25,log 20,,,,,,,,1607,2443
52,dna,75.0,20.0,0.5,0.5,log 5,,,,,,,,1613,2447
53,dna,75.0,20.0,0.5,0.5,log 20,,,,,,,,1611,2449
54,dna,75.0,20.0,0.5,1.0,log 5,,,,,,,,1609,2442
55,dna,75.0,20.0,0.5,1.0,log 20,,,,,,,,1614,2446
56,dna,75.0,20.0,1.0,0.0,log 5,,,,,,,,1573,2430
57,dna,75.0,20.0,1.0,0.0,log 20,,,,,,,,1548,2405
58,dna,75.0,20.0,1.0,0.25,log 5,,,,,,,,1580,2436
59,dna,75.0,20.0,1.0,0.25,log 20,,,,,,,,1556,2415
60,dna,75.0,20.0,1.0,0.5,log 5,,,,,,,,1595,2443
61,dna,75.0,20.0,1.0,0.5,log 20,,,,,,,,1566,2421
62,dna,75.0,20.0,1.0,1.0,log 5,,,,,,,,1597,2438
63,dna,75.0,20.0,1.0,1.0,log 20,,,,,,,,1560,2430
64,dna,75.0,40.0,0.0,0.0,log 5,,,,,,,,1526,2422
65,dna,75.0,40.0,0.0,0.0,log 20,,,,,,,,1526,2422
66,dna,75.0,40.0,0.0,0.25,log 5,,,,,,,,1544,2436
67,dna,75.0,40.0,0.0,0.25,log 20,,,,,,,,1544,2436
68,dna,75.0,40.0,0.0,0.5,log 5,,,,,,,,1559,2444
69,dna,75.0,40.0,0.0,0.5,log 20,,,,,,,,1562,2445
70,dna,75.0,40.0,0.0,1.0,log 5,,,,,,,,1575,2450
71,dna,75.0,40.0,0.0,1.0,log 20,,,,,,,,1575,2450
72,dna,75.0,40.0,0.25,0.0,log 5,,,,,,,,1574,2430
73,dna,75.0,40.0,0.25,0.0,log 20,,,,,,,,1581,2439
74,dna,75.0,40.0,0.25,0.25,log 5,,,,,,,,1581,2432
75,dna,75.0,40.0,0.25,0.25,log 20,,,,,,,,1593,2440
76,dna,75.0,40.0,0.25,0.5,log 5,,,,,,,,1586,2438
77,dna,75.0,40.0,0.25,0.5,log 20,,,,,,,,1593,2443
78,dna,75.0,40.0,0.25,1.0,log 5,,,,,,,,1605,2451
79,dna,75.0,40.0,0.25,1.0,log 20,,,,,,,,1609,2459
80,dna,75.0,40.0,0.5,0.0,log 5,,,,,,,,1585,2434
81,dna,75.0,40.0,0.5,0.0,log 20,,,,,,,,1599,2436
82,dna,75.0,40.0,0.5,0.25,log 5,,,,,,,,1600,2442
83,dna,75.0,40.0,0.5,0.25,log 20,,,,,,,,1604,2441
84,dna,75.0,40.0,0.5,0.5,log 5,,,,,,,,1606,2445
85,dna,75.0,40.0,0.5,0.5,log 20,,,,,,,,1607,2444
86,dna,75.0,40.0,0.5,1.0,log 5,,,,,,,,1617,2454
87,dna,75.0,40.0,0.5,1.0,log 20,,,,,,,,1618,2456
88,dna,75.0,40.0,1.0,0.0,log 5,,,,,,,,1573,2430
89,dna,75.0,40.0,1.0,0.0,log 20,,,,,,,,1548,2405
90,dna,75.0,40.0,1.0,0.25,log 5,,,,,,,,1579,2438
91,dna,75.0,40.0,1.0,0.25,log 20,,,,,,,,1554,2419
92,dna,75.0,40.0,1.0,0.5,log 5,,,,,,,,1591,2441
93,dna,75.0,40.0,1.0,0.5,log 20,,,,,,,,1566,2422
94,dna,75.0,40.0,1.0,1.0,log 5,,,,,,,,1601,2444
95,dna,75.0,40.0,1.0,1.0,log 20,,,,,,,,1573,2430
96,dna,150.0,10.0,0.0,0.0,log 5,,,,,,,,1526,2422
97,dna,150.0,10.0,0.0,0.0,log 20,,,,,,,,1526,2422
98,dna,150.0,10.0,0.0,0.25,log 5,,,,,,,,1563,2436
99,dna,150.0,10.0,0.0,0.25,log 20,,,,,,,,1566,2437
100,dna,150.0,10.0,0.0,0.5,log 5,,,,,,,,1575,2435
101,dna,150.0,10.0,0.0,0.5,log 20,,,,,,,,1575,2432
102,dna,150.0,10.0,0.0,1.0,log 5,,,,,,,,1582,2430
103,dna,150.0,10.0,0.0,1.0,log 20,,,,,,,,1575,2426
104,dna,150.0,10.0,0.25,0.0,log 5,,,,,,,,1576,2438
105,dna,150.0,10.0,0.25,0.0,log 20,,,,,,,,1582,2444
106,dna,150.0,10.0,0.25,0.25,log 5,,,,,,,,1592,2443
107,dna,150.0,10.0,0.25,0.25,log 20,,,,,,,,1594,2446
108,dna,150.0,10.0,0.25,0.5,log 5,,,,,,,,1606,2446
109,dna,150.0,10.0,0.25,0.5,log 20,,,,,,,,1601,2445
110,dna,150.0,10.0,0.25,1.0,log 5,,,,,,,,1601,2436
111,dna,150.0,10.0,0.25,1.0,log 20,,,,,,,,1606,2438
112,dna,150.0,10.0,0.5,0.0,log 5,,,,,,,,1586,2449
113,dna,150.0,10.0,0.5,0.0,log 20,,,,,,,,1593,2449
114,dna,150.0,10.0,0.5,0.25,log 5,,,,,,,,1607,2452
115,dna,150.0,10.0,0.5,0.25,log 20,,,,,,,,1611,2453
116,dna,150.0,10.0,0.5,0.5,log 5,,,,,,,,1618,2451
117,dna,150.0,10.0,0.5,0.5,log 20,,,,,,,,1624,2452
118,dna,150.0,10.0,0.5,1.0,log 5,,,,,,,,1620,2447
119,dna,150.0,10.0,0.5,1.0,log 20,,,,,,,,1623,2455
120,dna,150.0,10.0,1.0,0.0,log 5,,,,,,,,1593,2445
121,dna,150.0,10.0,1.0,0.0,log 20,,,,,,,,1583,2435
122,dna,150.0,10.0,1.0,0.25,log 5,,,,,,,,1604,2450
123,dna,150.0,10.0,1.0,0.25,log 20,,,,,,,,1596,2441
124,dna,150.0,10.0,1.0,0.5,log 5,,,,,,,,1605,2443
125,dna,150.0,10.0,1.0,0.5,log 20,,,,,,,,1585,2434
126,dna,150.0,10.0,1.0,1.0,log 5,,,,,,,,1603,2450
127,dna,150.0,10.0,1.0,1.0,log 20,,,,,,,,1579,2442
128,dna,150.0,20.0,0.0,0.0,log 5,,,,,,,,1526,2422
129,dna,150.0,20.0,0.0,0.0,log 20,,,,,,,,1526,2422
130,dna,150.0,20.0,0.0,0.25,log 5,,,,,,,,1556,2435
131,dna,150.0,20.0,0.0,0.25,log 20,,,,,,,,1557,2436
132,dna,150.0,20.0,0.0,0.5,log 5,,,,,,,,1572,2442
133,dna,150.0,20.0,0.0,0.5,log 20,,,,,,,,1574,2443
134,dna,150.0,20.0,0.0,1.0,log 5,,,,,,,,1588,2441
135,dna,150.0,20.0,0.0,1.0,log 20,,,,,,,,1590,2443
136,dna,150.0,20.0,0.25,0.0,log 5,,,,,,,,1576,2438
137,dna,150.0,20.0,0.25,0.0,log 20,,,,,,,,1582,2444
138,dna,150.0,20.0,0.25,0.25,log 5,,,,,,,,1587,2441
139,dna,150.0,20.0,0.25,0.25,log 20,,,,,,,,1594,2449
140,dna,150.0,20.0,0.25,0.5,log 5,,,,,,,,1597,2446
141,dna,150.0,20.0,0.25,0.5,log 20,,,,,,,,1601,2451
142,dna,150.0,20.0,0.25,1.0,log 5,,,,,,,,1608,2449
143,dna,150.0,20.0,0.25,1.0,log 20,,,,,,,,1616,2453
144,dna,150.0,20.0,0.5,0.0,log 5,,,,,,,,1586,2449
145,dna,150.0,20.0,0.5,0.0,log 20,,,,,,,,1593,2449
146,dna,150.0,20.0,0.5,0.25,log 5,,,,,,,,1606,2452
147,dna,150.0,20.0,0.5,0.25,log 20,,,,,,,,1614,2455
148,dna,150.0,20.0,0.5,0.5,log 5,,,,,,,,1610,2453
149,dna,150.0,20.0,0.5,0.5,log 20,,,,,,,,1618,2457
150,dna,150.0,20.0,0.5,1.0,log 5,,,,,,,,1618,2452
151,dna,150.0,20.0,0.5,1.0,log 20,,,,,,,,1617,2457
152,dna,150.0,20.0,1.0,0.0,log 5,,,,,,,,1593,2445
153,dna,150.0,20.0,1.0,0.0,log 20,,,,,,,,1583,2435
154,dna,150.0,20.0,1.0,0.25,log 5,,,,,,,,1604,2450
155,dna,150.0,20.0,1.0,0.25,log 20,,,,,,,,1591,2443
156,dna,150.0,20.0,1.0,0.5,log 5,,,,,,,,1613,2453
157,dna,150.0,20.0,1.0,0.5,log 20,,,,,,,,1591,2439
158,dna,150.0,20.0,1.0,1.0,log 5,,,,,,,,1608,2453
159,dna,150.0,20.0,1.0,1.0,log 20,,,,,,,,1600,2451
160,dna,150.0,40.0,0.0,0.0,log 5,,,,,,,,1526,2422
161,dna,150.0,40.0,0.0,0.0,log 20,,,,,,,,1526,2422
162,dna,150.0,40.0,0.0,0.25,log 5,,,,,,,,1544,2436
163,dna,150.0,40.0,0.0,0.25,log 20,,,,,,,,1544,2436
164,dna,150.0,40.0,0.0,0.5,log 5,,,,,,,,1559,2444
165,dna,150.0,40.0,0.0,0.5,log 20,,,,,,,,1562,2445
166,dna,150.0,40.0,0.0,1.0,log 5,,,,,,,,1575,2450
167,dna,150.0,40.0,0.0,1.0,log 20,,,,,,,,1575,2450
168,dna,150.0,40.0,0.25,0.0,log 5,,,,,,,,1576,2438
169,dna,150.0,40.0,0.25,0.0,log 20,,,,,,,,1582,2444
170,dna,150.0,40.0,0.25,0.25,log 5,,,,,,,,1586,2443
171,dna,150.0,40.0,0.25,0.25,log 20,,,,,,,,1594,2453
172,dna,150.0,40.0,0.25,0.5,log 5,,,,,,,,1590,2448
173,dna,150.0,40.0,0.25,0.5,log 20,,,,,,,,1598,2453
174,dna,150.0,40.0,0.25,1.0,log 5,,,,,,,,1609,2459
175,dna,150.0,40.0,0.25,1.0,log 20,,,,,,,,1613,2460
176,dna,150.0,40.0,0.5,0.0,log 5,,,,,,,,1586,2449
177,dna,150.0,40.0,0.5,0.0,log 20,,,,,,,,1593,2449
178,dna,150.0,40.0,0.5,0.25,log 5,,,,,,,,1604,2453
179,dna,150.0,40.0,0.5,0.25,log 20,,,,,,,,1612,2455
180,dna,150.0,40.0,0.5,0.5,log 5,,,,,,,,1595,2449
181,dna,150.0,40.0,0.5,0.5,log 20,,,,,,,,1608,2455
182,dna,150.0,40.0,0.5,1.0,log 5,,,,,,,,1612,2460
183,dna,150.0,40.0,0.5,1.0,log 20,,,,,,,,1618,2462
184,dna,150.0,40.0,1.0,0.0,log 5,,,,,,,,1593,2445
185,dna,150.0,40.0,1.0,0.0,log 20,,,,,,,,1583,2435
186,dna,150.0,40.0,1.0,0.25,log 5,,,,,,,,1607,2451
187,dna,150.0,40.0,1.0,0.25,log 20,,,,,,,,1591,2443
188,dna,150.0,40.0,1.0,0.5,log 5,,,,,,,,1607,2454
189,dna,150.0,40.0,1.0,0.5,log 20,,,,,,,,1594,2447
190,dna,150.0,40.0,1.0,1.0,log 5,,,,,,,,1605,2454
191,dna,150.0,40.0,1.0,1.0,log 20,,,,,,,,1598,2447
192,dna,300.0,10.0,0.0,0.0,log 5,,,,,,,,1526,2422
193,dna,300.0,10.0,0.0,0.0,log 20,,,,,,,,1526,2422
194,dna,300.0,10.0,0.0,0.25,log 5,,,,,,,,1563,2436
195,dna,300.0,10.0,0.0,0.25,log 20,,,,,,,,1566,2437
196,dna,300.0,10.0,0.0,0.5,log 5,,,,,,,,1575,2435
197,dna,300.0,10.0,0.0,0.5,log 20,,,,,,,,1575,2432
198,dna,300.0,10.0,0.0,1.0,log 5,,,,,,,,1582,2430
199,dna,300.0,10.0,0.0,1.0,log 20,,,,,,,,1575,2426
200,dna,300.0,10.0,0.25,0.0,log 5,,,,,,,,1561,2434
201,dna,300.0,10.0,0.25,0.0,log 20,,,,,,,,1570,2440
202,dna,300.0,10.0,0.25,0.25,log 5,,,,,,,,1584,2445
203,dna,300.0,10.0,0.25,0.25,log 20,,,,,,,,1592,2446
204,dna,300.0,10.0,0.25,0.5,log 5,,,,,,,,1601,2444
205,dna,300.0,10.0,0.25,0.5,log 20,,,,,,,,1611,2442
206,dna,300.0,10.0,0.25,1.0,log 5,,,,,,,,1590,2438
207,dna,300.0,10.0,0.25,1.0,log 20,,,,,,,,1594,2437
208,dna,300.0,10.0,0.5,0.0,log 5,,,,,,,,1579,2444
209,dna,300.0,10.0,0.5,0.0,log 20,,,,,,,,1586,2447
210,dna,300.0,10.0,0.5,0.25,log 5,,,,,,,,1605,2453
211,dna,300.0,10.0,0.5,0.25,log 20,,,,,,,,1601,2454
212,dna,300.0,10.0,0.5,0.5,log 5,,,,,,,,1612,2450
213,dna,300.0,10.0,0.5,0.5,log 20,,,,,,,,1618,2454
214,dna,300.0,10.0,0.5,1.0,log 5,,,,,,,,1615,2448
215,dna,300.0,10.0,0.5,1.0,log 20,,,,,,,,1612,2446
216,dna,300.0,10.0,1.0,0.0,log 5,,,,,,,,1578,2447
217,dna,300.0,10.0,1.0,0.0,log 20,,,,,,,,1579,2444
218,dna,300.0,10.0,1.0,0.25,log 5,,,,,,,,1611,2455
219,dna,300.0,10.0,1.0,0.25,log 20,,,,,,,,1603,2451
220,dna,300.0,10.0,1.0,0.5,log 5,,,,,,,,1619,2453
221,dna,300.0,10.0,1.0,0.5,log 20,,,,,,,,1610,2451
222,dna,300.0,10.0,1.0,1.0,log 5,,,,,,,,1610,2450
223,dna,300.0,10.0,1.0,1.0,log 20,,,,,,,,1601,2442
224,dna,300.0,20.0,0.0,0.0,log 5,,,,,,,,1526,2422
225,dna,300.0,20.0,0.0,0.0,log 20,,,,,,,,1526,2422
226,dna,300.0,20.0,0.0,0.25,log 5,,,,,,,,1556,2435
227,dna,300.0,20.0,0.0,0.25,log 20,,,,,,,,1557,2436
228,dna,300.0,20.0,0.0,0.5,log 5,,,,,,,,1572,2442
229,dna,300.0,20.0,0.0,0.5,log 20,,,,,,,,1574,2443
230,dna,300.0,20.0,0.0,1.0,log 5,,,,,,,,1588,2441
231,dna,300.0,20.0,0.0,1.0,log 20,,,,,,,,1590,2443
232,dna,300.0,20.0,0.25,0.0,log 5,,,,,,,,1561,2434
233,dna,300.0,20.0,0.25,0.0,log 20,,,,,,,,1570,2440
234,dna,300.0,20.0,0.25,0.25,log 5,,,,,,,,1579,2445
235,dna,300.0,20.0,0.25,0.25,log 20,,,,,,,,1586,2447
236,dna,300.0,20.0,0.25,0.5,log 5,,,,,,,,1596,2443
237,dna,300.0,20.0,0.25,0.5,log 20,,,,,,,,1602,2443
238,dna,300.0,20.0,0.25,1.0,log 5,,,,,,,,1608,2444
239,dna,300.0,20.0,0.25,1.0,log 20,,,,,,,,1611,2445
240,dna,300.0,20.0,0.5,0.0,log 5,,,,,,,,1579,2444
241,dna,300.0,20.0,0.5,0.0,log 20,,,,,,,,1586,2447
242,dna,300.0,20.0,0.5,0.25,log 5,,,,,,,,1600,2456
243,dna,300.0,20.0,0.5,0.25,log 20,,,,,,,,1601,2456
244,dna,300.0,20.0,0.5,0.5,log 5,,,,,,,,1607,2447
245,dna,300.0,20.0,0.5,0.5,log 20,,,,,,,,1615,2450
246,dna,300.0,20.0,0.5,1.0,log 5,,,,,,,,1622,2449
247,dna,300.0,20.0,0.5,1.0,log 20,,,,,,,,1616,2454
248,dna,300.0,20.0,1.0,0.0,log 5,,,,,,,,1578,2447
249,dna,300.0,20.0,1.0,0.0,log 20,,,,,,,,1579,2444
250,dna,300.0,20.0,1.0,0.25,log 5,,,,,,,,1603,2454
251,dna,300.0,20.0,1.0,0.25,log 20,,,,,,,,1597,2450
252,dna,300.0,20.0,1.0,0.5,log 5,,,,,,,,1612,2446
253,dna,300.0,20.0,1.0,0.5,log 20,,,,,,,,1608,2447
254,dna,300.0,20.0,1.0,1.0,log 5,,,,,,,,1618,2455
255,dna,300.0,20.0,1.0,1.0,log 20,,,,,,,,1612,2448
256,dna,300.0,40.0,0.0,0.0,log 5,,,,,,,,1526,2422
257,dna,300.0,40.0,0.0,0.0,log 20,,,,,,,,1526,2422
258,dna,300.0,40.0,0.0,0.25,log 5,,,,,,,,1544,2436
259,dna,300.0,40.0,0.0,0.25,log 20,,,,,,,,1544,2436
260,dna,300.0,40.0,0.0,0.5,log 5,,,,,,,,1559,2444
261,dna,300.0,40.0,0.0,0.5,log 20,,,,,,,,1562,2445
262,dna,300.0,40.0,0.0,1.0,log 5,,,,,,,,1575,2450
263,dna,300.0,40.0,0.0,1.0,log 20,,,,,,,,1575,2450
264,dna,300.0,40.0,0.25,0.0,log 5,,,,,,,,1561,2434
265,dna,300.0,40.0,0.25,0.0,log 20,,,,,,,,1570,2440
266,dna,300.0,40.0,0.25,0.25,log 5,,,,,,,,1573,2441
267,dna,300.0,40.0,0.25,0.25,log 20,,,,,,,,1578,2441
268,dna,300.0,40.0,0.25,0.5,log 5,,,,,,,,1584,2451
269,dna,300.0,40.0,0.25,0.5,log 20,,,,,,,,1590,2452
270,dna,300.0,40.0,0.25,1.0,log 5,,,,,,,,1605,2454
271,dna,300.0,40.0,0.25,1.0,log 20,,,,,,,,1610,2454
272,dna,300.0,40.0,0.5,0.0,log 5,,,,,,,,1579,2444
273,dna,300.0,40.0,0.5,0.0,log 20,,,,,,,,1586,2447
274,dna,300.0,40.0,0.5,0.25,log 5,,,,,,,,1592,2450
275,dna,300.0,40.0,0.5,0.25,log 20,,,,,,,,1596,2450
276,dna,300.0,40.0,0.5,0.5,log 5,,,,,,,,1604,2456
277,dna,300.0,40.0,0.5,0.5,log 20,,,,,,,,1608,2456
278,dna,300.0,40.0,0.5,1.0,log 5,,,,,,,,1611,2455
279,dna,300.0,40.0,0.5,1.0,log 20,,,,,,,,1614,2458
280,dna,300.0,40.0,1.0,0.0,log 5,,,,,,,,1578,2447
281,dna,300.0,40.0,1.0,0.0,log 20,,,,,,,,1579,2444
282,dna,300.0,40.0,1.0,0.25,log 5,,,,,,,,1601,2457
283,dna,300.0,40.0,1.0,0.25,log 20,,,,,,,,1594,2454
284,dna,300.0,40.0,1.0,0.5,log 5,,,,,,,,1607,2455
285,dna,300.0,40.0,1.0,0.5,log 20,,,,,,,,1602,2452
286,dna,300.0,40.0,1.0,1.0,log 5,,,,,,,,1608,2450
287,dna,300.0,40.0,1.0,1.0,log 20,,,,,,,,1604,2452
288,occ,,,,0.0,,1000.0,0.0,True,75.0,0.0,,,1526,2422
289,occ,,,,0.25,,1000.0,0.0,True,75.0,0.0,,,1539,2427
290,occ,,,,0.5,,1000.0,0.0,True,75.0,0.0,,,1539,2423
291,occ,,,,1.0,,1000.0,0.0,True,75.0,0.0,,,1542,2422
292,occ,,,,0.0,,1000.0,0.0,True,75.0,0.25,,,1540,2430
293,occ,,,,0.25,,1000.0,0.0,True,75.0,0.25,,,1550,2435
294,occ,,,,0.5,,1000.0,0.0,True,75.0,0.25,,,1544,2430
295,occ,,,,1.0,,1000.0,0.0,True,75.0,0.25,,,1554,2426
296,occ,,,,0.0,,1000.0,0.0,True,75.0,0.5,,,1546,2430
297,occ,,,,0.25,,1000.0,0.0,True,75.0,0.5,,,1547,2435
298,occ,,,,0.5,,1000.0,0.0,True,75.0,0.5,,,1554,2435
299,occ,,,,1.0,,1000.0,0.0,True,75.0,0.5,,,1555,2428
300,occ,,,,0.0,,1000.0,0.0,True,75.0,1.0,,,1553,2433
301,occ,,,,0.25,,1000.0,0.0,True,75.0,1.0,,,1556,2439
302,occ,,,,0.5,,1000.0,0.0,True,75.0,1.0,,,1558,2437
303,occ,,,,1.0,,1000.0,0.0,True,75.0,1.0,,,1555,2429
304,occ,,,,0.0,,1000.0,0.0,True,150.0,0.0,,,1526,2422
305,occ,,,,0.25,,1000.0,0.0,True,150.0,0.0,,,1539,2427
306,occ,,,,0.5,,1000.0,0.0,True,150.0,0.0,,,1539,2423
307,occ,,,,1.0,,1000.0,0.0,True,150.0,0.0,,,1542,2422
308,occ,,,,0.0,,1000.0,0.0,True,150.0,0.25,,,1541,2434
309,occ,,,,0.25,,1000.0,0.0,True,150.0,0.25,,,1548,2439
310,occ,,,,0.5,,1000.0,0.0,True,150.0,0.25,,,1544,2429
311,occ,,,,1.0,,1000.0,0.0,True,150.0,0.25,,,1552,2424
312,occ,,,,0.0,,1000.0,0.0,True,150.0,0.5,,,1538,2425
313,occ,,,,0.25,,1000.0,0.0,True,150.0,0.5,,,1551,2437
314,occ,,,,0.5,,1000.0,0.0,True,150.0,0.5,,,1545,2430
315,occ,,,,1.0,,1000.0,0.0,True,150.0,0.5,,,1547,2421
316,occ,,,,0.0,,1000.0,0.0,True,150.0,1.0,,,1546,2436
317,occ,,,,0.25,,1000.0,0.0,True,150.0,1.0,,,1566,2450
318,occ,,,,0.5,,1000.0,0.0,True,150.0,1.0,,,1561,2435
319,occ,,,,1.0,,1000.0,0.0,True,150.0,1.0,,,1549,2430
320,occ,,,,0.0,,1000.0,0.0,True,300.0,0.0,,,1526,2422
321,occ,,,,0.25,,1000.0,0.0,True,300.0,0.0,,,1539,2427
322,occ,,,,0.5,,1000.0,0.0,True,300.0,0.0,,,1539,2423
323,occ,,,,1.0,,1000.0,0.0,True,300.0,0.0,,,1542,2422
324,occ,,,,0.0,,1000.0,0.0,True,300.0,0.25,,,1539,2428
325,occ,,,,0.25,,1000.0,0.0,True,300.0,0.25,,,1542,2429
326,occ,,,,0.5,,1000.0,0.0,True,300.0,0.25,,,1544,2425
327,occ,,,,1.0,,1000.0,0.0,True,300.0,0.25,,,1551,2427
328,occ,,,,0.0,,1000.0,0.0,True,300.0,0.5,,,1540,2425
329,occ,,,,0.25,,1000.0,0.0,True,300.0,0.5,,,1540,2427
330,occ,,,,0.5,,1000.0,0.0,True,300.0,0.5,,,1547,2430
331,occ,,,,1.0,,1000.0,0.0,True,300.0,0.5,,,1549,2423
332,occ,,,,0.0,,1000.0,0.0,True,300.0,1.0,,,1552,2434
333,occ,,,,0.25,,1000.0,0.0,True,300.0,1.0,,,1558,2441
334,occ,,,,0.5,,1000.0,0.0,True,300.0,1.0,,,1560,2435
335,occ,,,,1.0,,1000.0,0.0,True,300.0,1.0,,,1552,2433
336,occ,,,,0.0,,1000.0,0.0,False,75.0,0.0,,,1526,2422
337,occ,,,,0.25,,1000.0,0.0,False,75.0,0.0,,,1539,2427
338,occ,,,,0.5,,1000.0,0.0,False,75.0,0.0,,,1539,2423
339,occ,,,,1.0,,1000.0,0.0,False,75.0,0.0,,,1542,2422
340,occ,,,,0.0,,1000.0,0.0,False,75.0,0.25,,,1540,2430
341,occ,,,,0.25,,1000.0,0.0,False,75.0,0.25,,,1550,2435
342,occ,,,,0.5,,1000.0,0.0,False,75.0,0.25,,,1544,2430
343,occ,,,,1.0,,1000.0,0.0,False,75.0,0.25,,,1554,2426
344,occ,,,,0.0,,1000.0,0.0,False,75.0,0.5,,,1546,2430
345,occ,,,,0.25,,1000.0,0.0,False,75.0,0.5,,,1547,2435
346,occ,,,,0.5,,1000.0,0.0,False,75.0,0.5,,,1554,2435
347,occ,,,,1.0,,1000.0,0.0,False,75.0,0.5,,,1555,2428
348,occ,,,,0.0,,1000.0,0.0,False,75.0,1.0,,,1553,2433
349,occ,,,,0.25,,1000.0,0.0,False,75.0,1.0,,,1556,2439
350,occ,,,,0.5,,1000.0,0.0,False,75.0,1.0,,,1558,2437
351,occ,,,,1.0,,1000.0,0.0,False,75.0,1.0,,,1555,2429
352,occ,,,,0.0,,1000.0,0.0,False,150.0,0.0,,,1526,2422
353,occ,,,,0.25,,1000.0,0.0,False,150.0,0.0,,,1539,2427
354,occ,,,,0.5,,1000.0,0.0,False,150.0,0.0,,,1539,2423
355,occ,,,,1.0,,1000.0,0.0,False,150.0,0.0,,,1542,2422
356,occ,,,,0.0,,1000.0,0.0,False,150.0,0.25,,,1541,2434
357,occ,,,,0.25,,1000.0,0.0,False,150.0,0.25,,,1548,2439
358,occ,,,,0.5,,1000.0,0.0,False,150.0,0.25,,,1544,2429
359,occ,,,,1.0,,1000.0,0.0,False,150.0,0.25,,,1552,2424
360,occ,,,,0.0,,1000.0,0.0,False,150.0,0.5,,,1538,2425
361,occ,,,,0.25,,1000.0,0.0,False,150.0,0.5,,,1551,2437
362,occ,,,,0.5,,1000.0,0.0,False,150.0,0.5,,,1545,2430
363,occ,,,,1.0,,1000.0,0.0,False,150.0,0.5,,,1547,2421
364,occ,,,,0.0,,1000.0,0.0,False,150.0,1.0,,,1546,2436
365,occ,,,,0.25,,1000.0,0.0,False,150.0,1.0,,,1566,2450
366,occ,,,,0.5,,1000.0,0.0,False,150.0,1.0,,,1561,2435
367,occ,,,,1.0,,1000.0,0.0,False,150.0,1.0,,,1549,2430
368,occ,,,,0.0,,1000.0,0.0,False,300.0,0.0,,,1526,2422
369,occ,,,,0.25,,1000.0,0.0,False,300.0,0.0,,,1539,2427
370,occ,,,,0.5,,1000.0,0.0,False,300.0,0.0,,,1539,2423
371,occ,,,,1.0,,1000.0,0.0,False,300.0,0.0,,,1542,2422
372,occ,,,,0.0,,1000.0,0.0,False,300.0,0.25,,,1539,2428
373,occ,,,,0.25,,1000.0,0.0,False,300.0,0.25,,,1542,2429
374,occ,,,,0.5,,1000.0,0.0,False,300.0,0.25,,,1544,2425
375,occ,,,,1.0,,1000.0,0.0,False,300.0,0.25,,,1551,2427
376,occ,,,,0.0,,1000.0,0.0,False,300.0,0.5,,,1540,2425
377,occ,,,,0.25,,1000.0,0.0,False,300.0,0.5,,,1540,2427
378,occ,,,,0.5,,1000.0,0.0,False,300.0,0.5,,,1547,2430
379,occ,,,,1.0,,1000.0,0.0,False,300.0,0.5,,,1549,2423
380,occ,,,,0.0,,1000.0,0.0,False,300.0,1.0,,,1552,2434
381,occ,,,,0.25,,1000.0,0.0,False,300.0,1.0,,,1558,2441
382,occ,,,,0.5,,1000.0,0.0,False,300.0,1.0,,,1560,2435
383,occ,,,,1.0,,1000.0,0.0,False,300.0,1.0,,,1552,2433
384,occ,,,,0.0,,1000.0,2.0,True,75.0,0.0,,,1536,2427
385,occ,,,,0.25,,1000.0,2.0,True,75.0,0.0,,,1547,2430
386,occ,,,,0.5,,1000.0,2.0,True,75.0,0.0,,,1546,2427
387,occ,,,,1.0,,1000.0,2.0,True,75.0,0.0,,,1552,2429
388,occ,,,,0.0,,1000.0,2.0,True,75.0,0.25,,,1549,2433
389,occ,,,,0.25,,1000.0,2.0,True,75.0,0.25,,,1558,2439
390,occ,,,,0.5,,1000.0,2.0,True,75.0,0.25,,,1551,2434
391,occ,,,,1.0,,1000.0,2.0,True,75.0,0.25,,,1565,2433
392,occ,,,,0.0,,1000.0,2.0,True,75.0,0.5,,,1553,2434
393,occ,,,,0.25,,1000.0,2.0,True,75.0,0.5,,,1555,2441
394,occ,,,,0.5,,1000.0,2.0,True,75.0,0.5,,,1561,2439
395,occ,,,,1.0,,1000.0,2.0,True,75.0,0.5,,,1566,2434
396,occ,,,,0.0,,1000.0,2.0,True,75.0,1.0,,,1555,2437
397,occ,,,,0.25,,1000.0,2.0,True,75.0,1.0,,,1559,2441
398,occ,,,,0.5,,1000.0,2.0,True,75.0,1.0,,,1561,2438
399,occ,,,,1.0,,1000.0,2.0,True,75.0,1.0,,,1558,2435
400,occ,,,,0.0,,1000.0,2.0,True,150.0,0.0,,,1536,2427
401,occ,,,,0.25,,1000.0,2.0,True,150.0,0.0,,,1547,2430
402,occ,,,,0.5,,1000.0,2.0,True,150.0,0.0,,,1546,2427
403,occ,,,,1.0,,1000.0,2.0,True,150.0,0.0,,,1552,2429
404,occ,,,,0.0,,1000.0,2.0,True,150.0,0.25,,,1549,2437
405,occ,,,,0.25,,1000.0,2.0,True,150.0,0.25,,,1556,2442
406,occ,,,,0.5,,1000.0,2.0,True,150.0,0.25,,,1552,2435
407,occ,,,,1.0,,1000.0,2.0,True,150.0,0.25,,,1564,2432
408,occ,,,,0.0,,1000.0,2.0,True,150.0,0.5,,,1547,2430
409,occ,,,,0.25,,1000.0,2.0,True,150.0,0.5,,,1560,2442
410,occ,,,,0.5,,1000.0,2.0,True,150.0,0.5,,,1553,2434
411,occ,,,,1.0,,1000.0,2.0,True,150.0,0.5,,,1558,2427
412,occ,,,,0.0,,1000.0,2.0,True,150.0,1.0,,,1548,2440
413,occ,,,,0.25,,1000.0,2.0,True,150.0,1.0,,,1569,2454
414,occ,,,,0.5,,1000.0,2.0,True,150.0,1.0,,,1564,2439
415,occ,,,,1.0,,1000.0,2.0,True,150.0,1.0,,,1553,2435
416,occ,,,,0.0,,1000.0,2.0,True,300.0,0.0,,,1536,2427
417,occ,,,,0.25,,1000.0,2.0,True,300.0,0.0,,,1547,2430
418,occ,,,,0.5,,1000.0,2.0,True,300.0,0.0,,,1546,2427
419,occ,,,,1.0,,1000.0,2.0,True,300.0,0.0,,,1552,2429
420,occ,,,,0.0,,1000.0,2.0,True,300.0,0.25,,,1547,2432
421,occ,,,,0.25,,1000.0,2.0,True,300.0,0.25,,,1550,2433
422,occ,,,,0.5,,1000.0,2.0,True,300.0,0.25,,,1552,2431
423,occ,,,,1.0,,1000.0,2.0,True,300.0,0.25,,,1563,2435
424,occ,,,,0.0,,1000.0,2.0,True,300.0,0.5,,,1550,2430
425,occ,,,,0.25,,1000.0,2.0,True,300.0,0.5,,,1550,2433
426,occ,,,,0.5,,1000.0,2.0,True,300.0,0.5,,,1555,2436
427,occ,,,,1.0,,1000.0,2.0,True,300.0,0.5,,,1561,2429
428,occ,,,,0.0,,1000.0,2.0,True,300.0,1.0,,,1554,2438
429,occ,,,,0.25,,1000.0,2.0,True,300.0,1.0,,,1561,2444
430,occ,,,,0.5,,1000.0,2.0,True,300.0,1.0,,,1564,2438
431,occ,,,,1.0,,1000.0,2.0,True,300.0,1.0,,,1555,2435
432,occ,,,,0.0,,1000.0,2.0,False,75.0,0.0,,,1536,2427
433,occ,,,,0.25,,1000.0,2.0,False,75.0,0.0,,,1547,2430
434,occ,,,,0.5,,1000.0,2.0,False,75.0,0.0,,,1546,2427
435,occ,,,,1.0,,1000.0,2.0,False,75.0,0.0,,,1552,2429
436,occ,,,,0.0,,1000.0,2.0,False,75.0,0.25,,,1549,2433
437,occ,,,,0.25,,1000.0,2.0,False,75.0,0.25,,,1558,2439
438,occ,,,,0.5,,1000.0,2.0,False,75.0,0.25,,,1551,2434
439,occ,,,,1.0,,1000.0,2.0,False,75.0,0.25,,,1565,2433
440,occ,,,,0.0,,1000.0,2.0,False,75.0,0.5,,,1553,2434
441,occ,,,,0.25,,1000.0,2.0,False,75.0,0.5,,,1555,2441
442,occ,,,,0.5,,1000.0,2.0,False,75.0,0.5,,,1561,2439
443,occ,,,,1.0,,1000.0,2.0,False,75.0,0.5,,,1566,2434
444,occ,,,,0.0,,1000.0,2.0,False,75.0,1.0,,,1555,2437
445,occ,,,,0.25,,1000.0,2.0,False,75.0,1.0,,,1559,2441
446,occ,,,,0.5,,1000.0,2.0,False,75.0,1.0,,,1561,2438
447,occ,,,,1.0,,1000.0,2.0,False,75.0,1.0,,,1558,2435
448,occ,,,,0.0,,1000.0,2.0,False,150.0,0.0,,,1536,2427
449,occ,,,,0.25,,1000.0,2.0,False,150.0,0.0,,,1547,2430
450,occ,,,,0.5,,1000.0,2.0,False,150.0,0.0,,,1546,2427
451,occ,,,,1.0,,1000.0,2.0,False,150.0,0.0,,,1552,2429
452,occ,,,,0.0,,1000.0,2.0,False,150.0,0.25,,,1549,2437
453,occ,,,,0.25,,1000.0,2.0,False,150.0,0.25,,,1556,2442
454,occ,,,,0.5,,1000.0,2.0,False,150.0,0.25,,,1552,2435
455,occ,,,,1.0,,1000.0,2.0,False,150.0,0.25,,,1564,2432
456,occ,,,,0.0,,1000.0,2.0,False,150.0,0.5,,,1547,2430
457,occ,,,,0.25,,1000.0,2.0,False,150.0,0.5,,,1560,2442
458,occ,,,,0.5,,1000.0,2.0,False,150.0,0.5,,,1553,2434
459,occ,,,,1.0,,1000.0,2.0,False,150.0,0.5,,,1558,2427
460,occ,,,,0.0,,1000.0,2.0,False,150.0,1.0,,,1548,2440
461,occ,,,,0.25,,1000.0,2.0,False,150.0,1.0,,,1569,2454
462,occ,,,,0.5,,1000.0,2.0,False,150.0,1.0,,,1564,2439
463,occ,,,,1.0,,1000.0,2.0,False,150.0,1.0,,,1553,2435
464,occ,,,,0.0,,1000.0,2.0,False,300.0,0.0,,,1536,2427
465,occ,,,,0.25,,1000.0,2.0,False,300.0,0.0,,,1547,2430
466,occ,,,,0.5,,1000.0,2.0,False,300.0,0.0,,,1546,2427
467,occ,,,,1.0,,1000.0,2.0,False,300.0,0.0,,,1552,2429
468,occ,,,,0.0,,1000.0,2.0,False,300.0,0.25,,,1547,2432
469,occ,,,,0.25,,1000.0,2.0,False,300.0,0.25,,,1550,2433
470,occ,,,,0.5,,1000.0,2.0,False,300.0,0.25,,,1552,2431
471,occ,,,,1.0,,1000.0,2.0,False,300.0,0.25,,,1563,2435
472,occ,,,,0.0,,1000.0,2.0,False,300.0,0.5,,,1550,2430
473,occ,,,,0.25,,1000.0,2.0,False,300.0,0.5,,,1550,2433
474,occ,,,,0.5,,1000.0,2.0,False,300.0,0.5,,,1555,2436
475,occ,,,,1.0,,1000.0,2.0,False,300.0,0.5,,,1561,2429
476,occ,,,,0.0,,1000.0,2.0,False,300.0,1.0,,,1554,2438
477,occ,,,,0.25,,1000.0,2.0,False,300.0,1.0,,,1561,2444
478,occ,,,,0.5,,1000.0,2.0,False,300.0,1.0,,,1564,2438
479,occ,,,,1.0,,1000.0,2.0,False,300.0,1.0,,,1555,2435
480,occ,,,,0.0,,1000.0,6.0,True,75.0,0.0,,,1536,2428
481,occ,,,,0.25,,1000.0,6.0,True,75.0,0.0,,,1547,2429
482,occ,,,,0.5,,1000.0,6.0,True,75.0,0.0,,,1547,2428
483,occ,,,,1.0,,1000.0,6.0,True,75.0,0.0,,,1553,2430
484,occ,,,,0.0,,1000.0,6.0,True,75.0,0.25,,,1549,2434
485,occ,,,,0.25,,1000.0,6.0,True,75.0,0.25,,,1558,2440
486,occ,,,,0.5,,1000.0,6.0,True,75.0,0.25,,,1551,2435
487,occ,,,,1.0,,1000.0,6.0,True,75.0,0.25,,,1565,2434
488,occ,,,,0.0,,1000.0,6.0,True,75.0,0.5,,,1553,2435
489,occ,,,,0.25,,1000.0,6.0,True,75.0,0.5,,,1555,2442
490,occ,,,,0.5,,1000.0,6.0,True,75.0,0.5,,,1561,2440
491,occ,,,,1.0,,1000.0,6.0,True,75.0,0.5,,,1566,2435
492,occ,,,,0.0,,1000.0,6.0,True,75.0,1.0,,,1555,2437
493,occ,,,,0.25,,1000.0,6.0,True,75.0,1.0,,,1559,2441
494,occ,,,,0.5,,1000.0,6.0,True,75.0,1.0,,,1561,2438
495,occ,,,,1.0,,1000.0,6.0,True,75.0,1.0,,,1558,2435
496,occ,,,,0.0,,1000.0,6.0,True,150.0,0.0,,,1536,2428
497,occ,,,,0.25,,1000.0,6.0,True,150.0,0.0,,,1547,2429
498,occ,,,,0.5,,1000.0,6.0,True,150.0,0.0,,,1547,2428
499,occ,,,,1.0,,1000.0,6.0,True,150.0,0.0,,,1553,2430
500,occ,,,,0.0,,1000.0,6.0,True,150.0,0.25,,,1549,2438
501,occ,,,,0.25,,1000.0,6.0,True,150.0,0.25,,,1556,2443
502,occ,,,,0.5,,1000.0,6.0,True,150.0,0.25,,,1552,2436
503,occ,,,,1.0,,1000.0,6.0,True,150.0,0.25,,,1564,2432
504,occ,,,,0.0,,1000.0,6.0,True,150.0,0.5,,,1547,2431
505,occ,,,,0.25,,1000.0,6.0,True,150.0,0.5,,,1560,2443
506,occ,,,,0.5,,1000.0,6.0,True,150.0,0.5,,,1553,2435
507,occ,,,,1.0,,1000.0,6.0,True,150.0,0.5,,,1558,2428
508,occ,,,,0.0,,1000.0,6.0,True,150.0,1.0,,,1548,2440
509,occ,,,,0.25,,1000.0,6.0,True,150.0,1.0,,,1569,2454
510,occ,,,,0.5,,1000.0,6.0,True,150.0,1.0,,,1564,2439
511,occ,,,,1.0,,1000.0,6.0,True,150.0,1.0,,,1553,2435
512,occ,,,,0.0,,1000.0,6.0,True,300.0,0.0,,,1536,2428
513,occ,,,,0.25,,1000.0,6.0,True,300.0,0.0,,,1547,2429
514,occ,,,,0.5,,1000.0,6.0,True,300.0,0.0,,,1547,2428
515,occ,,,,1.0,,1000.0,6.0,True,300.0,0.0,,,1553,2430
516,occ,,,,0.0,,1000.0,6.0,True,300.0,0.25,,,1546,2432
517,occ,,,,0.25,,1000.0,6.0,True,300.0,0.25,,,1550,2434
518,occ,,,,0.5,,1000.0,6.0,True,300.0,0.25,,,1552,2432
519,occ,,,,1.0,,1000.0,6.0,True,300.0,0.25,,,1563,2435
520,occ,,,,0.0,,1000.0,6.0,True,300.0,0.5,,,1549,2430
521,occ,,,,0.25,,1000.0,6.0,True,300.0,0.5,,,1550,2434
522,occ,,,,0.5,,1000.0,6.0,True,300.0,0.5,,,1555,2437
523,occ,,,,1.0,,1000.0,6.0,True,300.0,0.5,,,1561,2430
524,occ,,,,0.0,,1000.0,6.0,True,300.0,1.0,,,1554,2439
525,occ,,,,0.25,,1000.0,6.0,True,300.0,1.0,,,1561,2445
526,occ,,,,0.5,,1000.0,6.0,True,300.0,1.0,,,1564,2439
527,occ,,,,1.0,,1000.0,6.0,True,300.0,1.0,,,1555,2436
528,occ,,,,0.0,,1000.0,6.0,False,75.0,0.0,,,1536,2428
529,occ,,,,0.25,,1000.0,6.0,False,75.0,0.0,,,1547,2429
530,occ,,,,0.5,,1000.0,6.0,False,75.0,0.0,,,1547,2428
531,occ,,,,1.0,,1000.0,6.0,False,75.0,0.0,,,1553,2430
532,occ,,,,0.0,,1000.0,6.0,False,75.0,0.25,,,1549,2434
533,occ,,,,0.25,,1000.0,6.0,False,75.0,0.25,,,1558,2440
534,occ,,,,0.5,,1000.0,6.0,False,75.0,0.25,,,1551,2435
535,occ,,,,1.0,,1000.0,6.0,False,75.0,0.25,,,1565,2434
536,occ,,,,0.0,,1000.0,6.0,False,75.0,0.5,,,1553,2435
537,occ,,,,0.25,,1000.0,6.0,False,75.0,0.5,,,1555,2442
538,occ,,,,0.5,,1000.0,6.0,False,75.0,0.5,,,1561,2440
539,occ,,,,1.0,,1000.0,6.0,False,75.0,0.5,,,1566,2435
540,occ,,,,0.0,,1000.0,6.0,False,75.0,1.0,,,1555,2437
541,occ,,,,0.25,,1000.0,6.0,False,75.0,1.0,,,1559,2441
542,occ,,,,0.5,,1000.0,6.0,False,75.0,1.0,,,1561,2438
543,occ,,,,1.0,,1000.0,6.0,False,75.0,1.0,,,1558,2435
544,occ,,,,0.0,,1000.0,6.0,False,150.0,0.0,,,1536,2428
545,occ,,,,0.25,,1000.0,6.0,False,150.0,0.0,,,1547,2429
546,occ,,,,0.5,,1000.0,6.0,False,150.0,0.0,,,1547,2428
547,occ,,,,1.0,,1000.0,6.0,False,150.0,0.0,,,1553,2430
548,occ,,,,0.0,,1000.0,6.0,False,150.0,0.25,,,1549,2438
549,occ,,,,0.25,,1000.0,6.0,False,150.0,0.25,,,1556,2443
550,occ,,,,0.5,,1000.0,6.0,False,150.0,0.25,,,1552,2436
551,occ,,,,1.0,,1000.0,6.0,False,150.0,0.25,,,1564,2432
552,occ,,,,0.0,,1000.0,6.0,False,150.0,0.5,,,1547,2431
553,occ,,,,0.25,,1000.0,6.0,False,150.0,0.5,,,1560,2443
554,occ,,,,0.5,,1000.0,6.0,False,150.0,0.5,,,1553,2435
555,occ,,,,1.0,,1000.0,6.0,False,150.0,0.5,,,1558,2428
556,occ,,,,0.0,,1000.0,6.0,False,150.0,1.0,,,1548,2440
557,occ,,,,0.25,,1000.0,6.0,False,150.0,1.0,,,1569,2454
558,occ,,,,0.5,,1000.0,6.0,False,150.0,1.0,,,1564,2439
559,occ,,,,1.0,,1000.0,6.0,False,150.0,1.0,,,1553,2435
560,occ,,,,0.0,,1000.0,6.0,False,300.0,0.0,,,1536,2428
561,occ,,,,0.25,,1000.0,6.0,False,300.0,0.0,,,1547,2429
562,occ,,,,0.5,,1000.0,6.0,False,300.0,0.0,,,1547,2428
563,occ,,,,1.0,,1000.0,6.0,False,300.0,0.0,,,1553,2430
564,occ,,,,0.0,,1000.0,6.0,False,300.0,0.25,,,1546,2432
565,occ,,,,0.25,,1000.0,6.0,False,300.0,0.25,,,1550,2434
566,occ,,,,0.5,,1000.0,6.0,False,300.0,0.25,,,1552,2432
567,occ,,,,1.0,,1000.0,6.0,False,300.0,0.25,,,1563,2435
568,occ,,,,0.0,,1000.0,6.0,False,300.0,0.5,,,1549,2430
569,occ,,,,0.25,,1000.0,6.0,False,300.0,0.5,,,1550,2434
570,occ,,,,0.5,,1000.0,6.0,False,300.0,0.5,,,1555,2437
571,occ,,,,1.0,,1000.0,6.0,False,300.0,0.5,,,1561,2430
572,occ,,,,0.0,,1000.0,6.0,False,300.0,1.0,,,1554,2439
573,occ,,,,0.25,,1000.0,6.0,False,300.0,1.0,,,1561,2445
574,occ,,,,0.5,,1000.0,6.0,False,300.0,1.0,,,1564,2439
575,occ,,,,1.0,,1000.0,6.0,False,300.0,1.0,,,1555,2436
576,occ,,,,0.0,,1000.0,50.0,True,75.0,0.0,,,1536,2428
577,occ,,,,0.25,,1000.0,50.0,True,75.0,0.0,,,1547,2429
578,occ,,,,0.5,,1000.0,50.0,True,75.0,0.0,,,1547,2428
579,occ,,,,1.0,,1000.0,50.0,True,75.0,0.0,,,1553,2430
580,occ,,,,0.0,,1000.0,50.0,True,75.0,0.25,,,1549,2434
581,occ,,,,0.25,,1000.0,50.0,True,75.0,0.25,,,1558,2440
582,occ,,,,0.5,,1000.0,50.0,True,75.0,0.25,,,1551,2435
583,occ,,,,1.0,,1000.0,50.0,True,75.0,0.25,,,1565,2434
584,occ,,,,0.0,,1000.0,50.0,True,75.0,0.5,,,1553,2435
585,occ,,,,0.25,,1000.0,50.0,True,75.0,0.5,,,1555,2442
586,occ,,,,0.5,,1000.0,50.0,True,75.0,0.5,,,1561,2440
587,occ,,,,1.0,,1000.0,50.0,True,75.0,0.5,,,1566,2435
588,occ,,,,0.0,,1000.0,50.0,True,75.0,1.0,,,1555,2437
589,occ,,,,0.25,,1000.0,50.0,True,75.0,1.0,,,1559,2441
590,occ,,,,0.5,,1000.0,50.0,True,75.0,1.0,,,1561,2438
591,occ,,,,1.0,,1000.0,50.0,True,75.0,1.0,,,1558,2435
592,occ,,,,0.0,,1000.0,50.0,True,150.0,0.0,,,1536,2428
593,occ,,,,0.25,,1000.0,50.0,True,150.0,0.0,,,1547,2429
594,occ,,,,0.5,,1000.0,50.0,True,150.0,0.0,,,1547,2428
595,occ,,,,1.0,,1000.0,50.0,True,150.0,0.0,,,1553,2430
596,occ,,,,0.0,,1000.0,50.0,True,150.0,0.25,,,1549,2438
597,occ,,,,0.25,,1000.0,50.0,True,150.0,0.25,,,1556,2443
598,occ,,,,0.5,,1000.0,50.0,True,150.0,0.25,,,1552,2436
599,occ,,,,1.0,,1000.0,50.0,True,150.0,0.25,,,1564,2432
600,occ,,,,0.0,,1000.0,50.0,True,150.0,0.5,,,1547,2431
601,occ,,,,0.25,,1000.0,50.0,True,150.0,0.5,,,1560,2443
602,occ,,,,0.5,,1000.0,50.0,True,150.0,0.5,,,1553,2435
603,occ,,,,1.0,,1000.0,50.0,True,150.0,0.5,,,1558,2428
604,occ,,,,0.0,,1000.0,50.0,True,150.0,1.0,,,1548,2440
605,occ,,,,0.25,,1000.0,50.0,True,150.0,1.0,,,1569,2454
606,occ,,,,0.5,,1000.0,50.0,True,150.0,1.0,,,1564,2439
607,occ,,,,1.0,,1000.0,50.0,True,150.0,1.0,,,1553,2435
608,occ,,,,0.0,,1000.0,50.0,True,300.0,0.0,,,1536,2428
609,occ,,,,0.25,,1000.0,50.0,True,300.0,0.0,,,1547,2429
610,occ,,,,0.5,,1000.0,50.0,True,300.0,0.0,,,1547,2428
611,occ,,,,1.0,,1000.0,50.0,True,300.0,0.0,,,1553,2430
612,occ,,,,0.0,,1000.0,50.0,True,300.0,0.25,,,1546,2432
613,occ,,,,0.25,,1000.0,50.0,True,300.0,0.25,,,1550,2434
614,occ,,,,0.5,,1000.0,50.0,True,300.0,0.25,,,1552,2432
615,occ,,,,1.0,,1000.0,50.0,True,300.0,0.25,,,1563,2435
616,occ,,,,0.0,,1000.0,50.0,True,300.0,0.5,,,1549,2430
617,occ,,,,0.25,,1000.0,50.0,True,300.0,0.5,,,1550,2434
618,occ,,,,0.5,,1000.0,50.0,True,300.0,0.5,,,1555,2437
619,occ,,,,1.0,,1000.0,50.0,True,300.0,0.5,,,1561,2430
620,occ,,,,0.0,,1000.0,50.0,True,300.0,1.0,,,1554,2439
621,occ,,,,0.25,,1000.0,50.0,True,300.0,1.0,,,1561,2445
622,occ,,,,0.5,,1000.0,50.0,True,300.0,1.0,,,1564,2439
623,occ,,,,1.0,,1000.0,50.0,True,300.0,1.0,,,1555,2436
624,occ,,,,0.0,,1000.0,50.0,False,75.0,0.0,,,1536,2428
625,occ,,,,0.25,,1000.0,50.0,False,75.0,0.0,,,1547,2429
626,occ,,,,0.5,,1000.0,50.0,False,75.0,0.0,,,1547,2428
627,occ,,,,1.0,,1000.0,50.0,False,75.0,0.0,,,1553,2430
628,occ,,,,0.0,,1000.0,50.0,False,75.0,0.25,,,1549,2434
629,occ,,,,0.25,,1000.0,50.0,False,75.0,0.25,,,1558,2440
630,occ,,,,0.5,,1000.0,50.0,False,75.0,0.25,,,1551,2435
631,occ,,,,1.0,,1000.0,50.0,False,75.0,0.25,,,1565,2434
632,occ,,,,0.0,,1000.0,50.0,False,75.0,0.5,,,1553,2435
633,occ,,,,0.25,,1000.0,50.0,False,75.0,0.5,,,1555,2442
634,occ,,,,0.5,,1000.0,50.0,False,75.0,0.5,,,1561,2440
635,occ,,,,1.0,,1000.0,50.0,False,75.0,0.5,,,1566,2435
636,occ,,,,0.0,,1000.0,50.0,False,75.0,1.0,,,1555,2437
637,occ,,,,0.25,,1000.0,50.0,False,75.0,1.0,,,1559,2441
638,occ,,,,0.5,,1000.0,50.0,False,75.0,1.0,,,1561,2438
639,occ,,,,1.0,,1000.0,50.0,False,75.0,1.0,,,1558,2435
640,occ,,,,0.0,,1000.0,50.0,False,150.0,0.0,,,1536,2428
641,occ,,,,0.25,,1000.0,50.0,False,150.0,0.0,,,1547,2429
642,occ,,,,0.5,,1000.0,50.0,False,150.0,0.0,,,1547,2428
643,occ,,,,1.0,,1000.0,50.0,False,150.0,0.0,,,1553,2430
644,occ,,,,0.0,,1000.0,50.0,False,150.0,0.25,,,1549,2438
645,occ,,,,0.25,,1000.0,50.0,False,150.0,0.25,,,1556,2443
646,occ,,,,0.5,,1000.0,50.0,False,150.0,0.25,,,1552,2436
647,occ,,,,1.0,,1000.0,50.0,False,150.0,0.25,,,1564,2432
648,occ,,,,0.0,,1000.0,50.0,False,150.0,0.5,,,1547,2431
649,occ,,,,0.25,,1000.0,50.0,False,150.0,0.5,,,1560,2443
650,occ,,,,0.5,,1000.0,50.0,False,150.0,0.5,,,1553,2435
651,occ,,,,1.0,,1000.0,50.0,False,150.0,0.5,,,1558,2428
652,occ,,,,0.0,,1000.0,50.0,False,150.0,1.0,,,1548,2440
653,occ,,,,0.25,,1000.0,50.0,False,150.0,1.0,,,1569,2454
654,occ,,,,0.5,,1000.0,50.0,False,150.0,1.0,,,1564,2439
655,occ,,,,1.0,,1000.0,50.0,False,150.0,1.0,,,1553,2435
656,occ,,,,0.0,,1000.0,50.0,False,300.0,0.0,,,1536,2428
657,occ,,,,0.25,,1000.0,50.0,False,300.0,0.0,,,1547,2429
658,occ,,,,0.5,,1000.0,50.0,False,300.0,0.0,,,1547,2428
659,occ,,,,1.0,,1000.0,50.0,False,300.0,0.0,,,1553,2430
660,occ,,,,0.0,,1000.0,50.0,False,300.0,0.25,,,1546,2432
661,occ,,,,0.25,,1000.0,50.0,False,300.0,0.25,,,1550,2434
662,occ,,,,0.5,,1000.0,50.0,False,300.0,0.25,,,1552,2432
663,occ,,,,1.0,,1000.0,50.0,False,300.0,0.25,,,1563,2435
664,occ,,,,0.0,,1000.0,50.0,False,300.0,0.5,,,1549,2430
665,occ,,,,0.25,,1000.0,50.0,False,300.0,0.5,,,1550,2434
666,occ,,,,0.5,,1000.0,50.0,False,300.0,0.5,,,1555,2437
667,occ,,,,1.0,,1000.0,50.0,False,300.0,0.5,,,1561,2430
668,occ,,,,0.0,,1000.0,50.0,False,300.0,1.0,,,1554,2439
669,occ,,,,0.25,,1000.0,50.0,False,300.0,1.0,,,1561,2445
670,occ,,,,0.5,,1000.0,50.0,False,300.0,1.0,,,1564,2439
671,occ,,,,1.0,,1000.0,50.0,False,300.0,1.0,,,1555,2436
672,occ,,,,0.0,,1500.0,0.0,True,75.0,0.0,,,1526,2422
673,occ,,,,0.25,,1500.0,0.0,True,75.0,0.0,,,1539,2427
674,occ,,,,0.5,,1500.0,0.0,True,75.0,0.0,,,1539,2423
675,occ,,,,1.0,,1500.0,0.0,True,75.0,0.0,,,1542,2422
676,occ,,,,0.0,,1500.0,0.0,True,75.0,0.25,,,1540,2430
677,occ,,,,0.25,,1500.0,0.0,True,75.0,0.25,,,1550,2435
678,occ,,,,0.5,,1500.0,0.0,True,75.0,0.25,,,1544,2430
679,occ,,,,1.0,,1500.0,0.0,True,75.0,0.25,,,1554,2426
680,occ,,,,0.0,,1500.0,0.0,True,75.0,0.5,,,1546,2430
681,occ,,,,0.25,,1500.0,0.0,True,75.0,0.5,,,1547,2435
682,occ,,,,0.5,,1500.0,0.0,True,75.0,0.5,,,1554,2435
683,occ,,,,1.0,,1500.0,0.0,True,75.0,0.5,,,1555,2428
684,occ,,,,0.0,,1500.0,0.0,True,75.0,1.0,,,1553,2433
685,occ,,,,0.25,,1500.0,0.0,True,75.0,1.0,,,1556,2439
686,occ,,,,0.5,,1500.0,0.0,True,75.0,1.0,,,1558,2437
687,occ,,,,1.0,,1500.0,0.0,True,75.0,1.0,,,1555,2429
688,occ,,,,0.0,,1500.0,0.0,True,150.0,0.0,,,1526,2422
689,occ,,,,0.25,,1500.0,0.0,True,150.0,0.0,,,1539,2427
690,occ,,,,0.5,,1500.0,0.0,True,150.0,0.0,,,1539,2423
691,occ,,,,1.0,,1500.0,0.0,True,150.0,0.0,,,1542,2422
692,occ,,,,0.0,,1500.0,0.0,True,150.0,0.25,,,1541,2434
693,occ,,,,0.25,,1500.0,0.0,True,150.0,0.25,,,1548,2439
694,occ,,,,0.5,,1500.0,0.0,True,150.0,0.25,,,1544,2429
695,occ,,,,1.0,,1500.0,0.0,True,150.0,0.25,,,1552,2424
696,occ,,,,0.0,,1500.0,0.0,True,150.0,0.5,,,1538,2425
697,occ,,,,0.25,,1500.0,0.0,True,150.0,0.5,,,1551,2437
698,occ,,,,0.5,,1500.0,0.0,True,150.0,0.5,,,1545,2430
699,occ,,,,1.0,,1500.0,0.0,True,150.0,0.5,,,1547,2421
700,occ,,,,0.0,,1500.0,0.0,True,150.0,1.0,,,1546,2436
701,occ,,,,0.25,,1500.0,0.0,True,150.0,1.0,,,1566,2450
702,occ,,,,0.5,,1500.0,0.0,True,150.0,1.0,,,1561,2435
703,occ,,,,1.0,,1500.0,0.0,True,150.0,1.0,,,1549,2430
704,occ,,,,0.0,,1500.0,0.0,True,300.0,0.0,,,1526,2422
705,occ,,,,0.25,,1500.0,0.0,True,300.0,0.0,,,1539,2427
706,occ,,,,0.5,,1500.0,0.0,True,300.0,0.0,,,1539,2423
707,occ,,,,1.0,,1500.0,0.0,True,300.0,0.0,,,1542,2422
708,occ,,,,0.0,,1500.0,0.0,True,300.0,0.25,,,1539,2428
709,occ,,,,0.25,,1500.0,0.0,True,300.0,0.25,,,1542,2429
710,occ,,,,0.5,,1500.0,0.0,True,300.0,0.25,,,1544,2425
711,occ,,,,1.0,,1500.0,0.0,True,300.0,0.25,,,1551,2427
712,occ,,,,0.0,,1500.0,0.0,True,300.0,0.5,,,1540,2425
713,occ,,,,0.25,,1500.0,0.0,True,300.0,0.5,,,1540,2427
714,occ,,,,0.5,,1500.0,0.0,True,300.0,0.5,,,1547,2430
715,occ,,,,1.0,,1500.0,0.0,True,300.0,0.5,,,1549,2423
716,occ,,,,0.0,,1500.0,0.0,True,300.0,1.0,,,1552,2434
717,occ,,,,0.25,,1500.0,0.0,True,300.0,1.0,,,1558,2441
718,occ,,,,0.5,,1500.0,0.0,True,300.0,1.0,,,1560,2435
719,occ,,,,1.0,,1500.0,0.0,True,300.0,1.0,,,1552,2433
720,occ,,,,0.0,,1500.0,0.0,False,75.0,0.0,,,1526,2422
721,occ,,,,0.25,,1500.0,0.0,False,75.0,0.0,,,1539,2427
722,occ,,,,0.5,,1500.0,0.0,False,75.0,0.0,,,1539,2423
723,occ,,,,1.0,,1500.0,0.0,False,75.0,0.0,,,1542,2422
724,occ,,,,0.0,,1500.0,0.0,False,75.0,0.25,,,1540,2430
725,occ,,,,0.25,,1500.0,0.0,False,75.0,0.25,,,1550,2435
726,occ,,,,0.5,,1500.0,0.0,False,75.0,0.25,,,1544,2430
727,occ,,,,1.0,,1500.0,0.0,False,75.0,0.25,,,1554,2426
728,occ,,,,0.0,,1500.0,0.0,False,75.0,0.5,,,1546,2430
729,occ,,,,0.25,,1500.0,0.0,False,75.0,0.5,,,1547,2435
730,occ,,,,0.5,,1500.0,0.0,False,75.0,0.5,,,1554,2435
731,occ,,,,1.0,,1500.0,0.0,False,75.0,0.5,,,1555,2428
732,occ,,,,0.0,,1500.0,0.0,False,75.0,1.0,,,1553,2433
733,occ,,,,0.25,,1500.0,0.0,False,75.0,1.0,,,1556,2439
734,occ,,,,0.5,,1500.0,0.0,False,75.0,1.0,,,1558,2437
735,occ,,,,1.0,,1500.0,0.0,False,75.0,1.0,,,1555,2429
736,occ,,,,0.0,,1500.0,0.0,False,150.0,0.0,,,1526,2422
737,occ,,,,0.25,,1500.0,0.0,False,150.0,0.0,,,1539,2427
738,occ,,,,0.5,,1500.0,0.0,False,150.0,0.0,,,1539,2423
739,occ,,,,1.0,,1500.0,0.0,False,150.0,0.0,,,1542,2422
740,occ,,,,0.0,,1500.0,0.0,False,150.0,0.25,,,1541,2434
741,occ,,,,0.25,,1500.0,0.0,False,150.0,0.25,,,1548,2439
742,occ,,,,0.5,,1500.0,0.0,False,150.0,0.25,,,1544,2429
743,occ,,,,1.0,,1500.0,0.0,False,150.0,0.25,,,1552,2424
744,occ,,,,0.0,,1500.0,0.0,False,150.0,0.5,,,1538,2425
745,occ,,,,0.25,,1500.0,0.0,False,150.0,0.5,,,1551,2437
746,occ,,,,0.5,,1500.0,0.0,False,150.0,0.5,,,1545,2430
747,occ,,,,1.0,,1500.0,0.0,False,150.0,0.5,,,1547,2421
748,occ,,,,0.0,,1500.0,0.0,False,150.0,1.0,,,1546,2436
749,occ,,,,0.25,,1500.0,0.0,False,150.0,1.0,,,1566,2450
750,occ,,,,0.5,,1500.0,0.0,False,150.0,1.0,,,1561,2435
751,occ,,,,1.0,,1500.0,0.0,False,150.0,1.0,,,1549,2430
752,occ,,,,0.0,,1500.0,0.0,False,300.0,0.0,,,1526,2422
753,occ,,,,0.25,,1500.0,0.0,False,300.0,0.0,,,1539,2427
754,occ,,,,0.5,,1500.0,0.0,False,300.0,0.0,,,1539,2423
755,occ,,,,1.0,,1500.0,0.0,False,300.0,0.0,,,1542,2422
756,occ,,,,0.0,,1500.0,0.0,False,300.0,0.25,,,1539,2428
757,occ,,,,0.25,,1500.0,0.0,False,300.0,0.25,,,1542,2429
758,occ,,,,0.5,,1500.0,0.0,False,300.0,0.25,,,1544,2425
759,occ,,,,1.0,,1500.0,0.0,False,300.0,0.25,,,1551,2427
760,occ,,,,0.0,,1500.0,0.0,False,300.0,0.5,,,1540,2425
761,occ,,,,0.25,,1500.0,0.0,False,300.0,0.5,,,1540,2427
762,occ,,,,0.5,,1500.0,0.0,False,300.0,0.5,,,1547,2430
763,occ,,,,1.0,,1500.0,0.0,False,300.0,0.5,,,1549,2423
764,occ,,,,0.0,,1500.0,0.0,False,300.0,1.0,,,1552,2434
765,occ,,,,0.25,,1500.0,0.0,False,300.0,1.0,,,1558,2441
766,occ,,,,0.5,,1500.0,0.0,False,300.0,1.0,,,1560,2435
767,occ,,,,1.0,,1500.0,0.0,False,300.0,1.0,,,1552,2433
768,occ,,,,0.0,,1500.0,2.0,True,75.0,0.0,,,1536,2427
769,occ,,,,0.25,,1500.0,2.0,True,75.0,0.0,,,1547,2430
770,occ,,,,0.5,,1500.0,2.0,True,75.0,0.0,,,1546,2427
771,occ,,,,1.0,,1500.0,2.0,True,75.0,0.0,,,1552,2428
772,occ,,,,0.0,,1500.0,2.0,True,75.0,0.25,,,1549,2434
773,occ,,,,0.25,,1500.0,2.0,True,75.0,0.25,,,1558,2439
774,occ,,,,0.5,,1500.0,2.0,True,75.0,0.25,,,1551,2434
775,occ,,,,1.0,,1500.0,2.0,True,75.0,0.25,,,1564,2431
776,occ,,,,0.0,,1500.0,2.0,True,75.0,0.5,,,1553,2434
777,occ,,,,0.25,,1500.0,2.0,True,75.0,0.5,,,1555,2440
778,occ,,,,0.5,,1500.0,2.0,True,75.0,0.5,,,1561,2438
779,occ,,,,1.0,,1500.0,2.0,True,75.0,0.5,,,1565,2433
780,occ,,,,0.0,,1500.0,2.0,True,75.0,1.0,,,1555,2436
781,occ,,,,0.25,,1500.0,2.0,True,75.0,1.0,,,1560,2442
782,occ,,,,0.5,,1500.0,2.0,True,75.0,1.0,,,1562,2439
783,occ,,,,1.0,,1500.0,2.0,True,75.0,1.0,,,1560,2435
784,occ,,,,0.0,,1500.0,2.0,True,150.0,0.0,,,1536,2427
785,occ,,,,0.25,,1500.0,2.0,True,150.0,0.0,,,1547,2430
786,occ,,,,0.5,,1500.0,2.0,True,150.0,0.0,,,1546,2427
787,occ,,,,1.0,,1500.0,2.0,True,150.0,0.0,,,1552,2428
788,occ,,,,0.0,,1500.0,2.0,True,150.0,0.25,,,1549,2437
789,occ,,,,0.25,,1500.0,2.0,True,150.0,0.25,,,1556,2443
790,occ,,,,0.5,,1500.0,2.0,True,150.0,0.25,,,1551,2433
791,occ,,,,1.0,,1500.0,2.0,True,150.0,0.25,,,1563,2430
792,occ,,,,0.0,,1500.0,2.0,True,150.0,0.5,,,1547,2429
793,occ,,,,0.25,,1500.0,2.0,True,150.0,0.5,,,1559,2440
794,occ,,,,0.5,,1500.0,2.0,True,150.0,0.5,,,1552,2432
795,occ,,,,1.0,,1500.0,2.0,True,150.0,0.5,,,1557,2426
796,occ,,,,0.0,,1500.0,2.0,True,150.0,1.0,,,1548,2440
797,occ,,,,0.25,,1500.0,2.0,True,150.0,1.0,,,1569,2454
798,occ,,,,0.5,,1500.0,2.0,True,150.0,1.0,,,1564,2439
799,occ,,,,1.0,,1500.0,2.0,True,150.0,1.0,,,1553,2435
800,occ,,,,0.0,,1500.0,2.0,True,300.0,0.0,,,1536,2427
801,occ,,,,0.25,,1500.0,2.0,True,300.0,0.0,,,1547,2430
802,occ,,,,0.5,,1500.0,2.0,True,300.0,0.0,,,1546,2427
803,occ,,,,1.0,,1500.0,2.0,True,300.0,0.0,,,1552,2428
804,occ,,,,0.0,,1500.0,2.0,True,300.0,0.25,,,1547,2432
805,occ,,,,0.25,,1500.0,2.0,True,300.0,0.25,,,1550,2433
806,occ,,,,0.5,,1500.0,2.0,True,300.0,0.25,,,1551,2430
807,occ,,,,1.0,,1500.0,2.0,True,300.0,0.25,,,1562,2433
808,occ,,,,0.0,,1500.0,2.0,True,300.0,0.5,,,1550,2430
809,occ,,,,0.25,,1500.0,2.0,True,300.0,0.5,,,1549,2431
810,occ,,,,0.5,,1500.0,2.0,True,300.0,0.5,,,1554,2434
811,occ,,,,1.0,,1500.0,2.0,True,300.0,0.5,,,1560,2428
812,occ,,,,0.0,,1500.0,2.0,True,300.0,1.0,,,1554,2437
813,occ,,,,0.25,,1500.0,2.0,True,300.0,1.0,,,1561,2444
814,occ,,,,0.5,,1500.0,2.0,True,300.0,1.0,,,1564,2438
815,occ,,,,1.0,,1500.0,2.0,True,300.0,1.0,,,1555,2435
816,occ,,,,0.0,,1500.0,2.0,False,75.0,0.0,,,1536,2427
817,occ,,,,0.25,,1500.0,2.0,False,75.0,0.0,,,1547,2430
818,occ,,,,0.5,,1500.0,2.0,False,75.0,0.0,,,1546,2427
819,occ,,,,1.0,,1500.0,2.0,False,75.0,0.0,,,1552,2428
820,occ,,,,0.0,,1500.0,2.0,False,75.0,0.25,,,1549,2434
821,occ,,,,0.25,,1500.0,2.0,False,75.0,0.25,,,1558,2439
822,occ,,,,0.5,,1500.0,2.0,False,75.0,0.25,,,1551,2434
823,occ,,,,1.0,,1500.0,2.0,False,75.0,0.25,,,1564,2431
824,occ,,,,0.0,,1500.0,2.0,False,75.0,0.5,,,1553,2434
825,occ,,,,0.25,,1500.0,2.0,False,75.0,0.5,,,1555,2440
826,occ,,,,0.5,,1500.0,2.0,False,75.0,0.5,,,1561,2438
827,occ,,,,1.0,,1500.0,2.0,False,75.0,0.5,,,1565,2433
828,occ,,,,0.0,,1500.0,2.0,False,75.0,1.0,,,1555,2436
829,occ,,,,0.25,,1500.0,2.0,False,75.0,1.0,,,1560,2442
830,occ,,,,0.5,,1500.0,2.0,False,75.0,1.0,,,1562,2439
831,occ,,,,1.0,,1500.0,2.0,False,75.0,1.0,,,1560,2435
832,occ,,,,0.0,,1500.0,2.0,False,150.0,0.0,,,1536,2427
833,occ,,,,0.25,,1500.0,2.0,False,150.0,0.0,,,1547,2430
834,occ,,,,0.5,,1500.0,2.0,False,150.0,0.0,,,1546,2427
835,occ,,,,1.0,,1500.0,2.0,False,150.0,0.0,,,1552,2428
836,occ,,,,0.0,,1500.0,2.0,False,150.0,0.25,,,1549,2437
837,occ,,,,0.25,,1500.0,2.0,False,150.0,0.25,,,1556,2443
838,occ,,,,0.5,,1500.0,2.0,False,150.0,0.25,,,1551,2433
839,occ,,,,1.0,,1500.0,2.0,False,150.0,0.25,,,1563,2430
840,occ,,,,0.0,,1500.0,2.0,False,150.0,0.5,,,1547,2429
841,occ,,,,0.25,,1500.0,2.0,False,150.0,0.5,,,1559,2440
842,occ,,,,0.5,,1500.0,2.0,False,150.0,0.5,,,1552,2432
843,occ,,,,1.0,,1500.0,2.0,False,150.0,0.5,,,1557,2426
844,occ,,,,0.0,,1500.0,2.0,False,150.0,1.0,,,1548,2440
845,occ,,,,0.25,,1500.0,2.0,False,150.0,1.0,,,1569,2454
846,occ,,,,0.5,,1500.0,2.0,False,150.0,1.0,,,1564,2439
847,occ,,,,1.0,,1500.0,2.0,False,150.0,1.0,,,1553,2435
848,occ,,,,0.0,,1500.0,2.0,False,300.0,0.0,,,1536,2427
849,occ,,,,0.25,,1500.0,2.0,False,300.0,0.0,,,1547,2430
850,occ,,,,0.5,,1500.0,2.0,False,300.0,0.0,,,1546,2427
851,occ,,,,1.0,,1500.0,2.0,False,300.0,0.0,,,1552,2428
852,occ,,,,0.0,,1500.0,2.0,False,300.0,0.25,,,1547,2432
853,occ,,,,0.25,,1500.0,2.0,False,300.0,0.25,,,1550,2433
854,occ,,,,0.5,,1500.0,2.0,False,300.0,0.25,,,1551,2430
855,occ,,,,1.0,,1500.0,2.0,False,300.0,0.25,,,1562,2433
856,occ,,,,0.0,,1500.0,2.0,False,300.0,0.5,,,1550,2430
857,occ,,,,0.25,,1500.0,2.0,False,300.0,0.5,,,1549,2431
858,occ,,,,0.5,,1500.0,2.0,False,300.0,0.5,,,1554,2434
859,occ,,,,1.0,,1500.0,2.0,False,300.0,0.5,,,1560,2428
860,occ,,,,0.0,,1500.0,2.0,False,300.0,1.0,,,1554,2437
861,occ,,,,0.25,,1500.0,2.0,False,300.0,1.0,,,1561,2444
862,occ,,,,0.5,,1500.0,2.0,False,300.0,1.0,,,1564,2438
863,occ,,,,1.0,,1500.0,2.0,False,300.0,1.0,,,1555,2435
864,occ,,,,0.0,,1500.0,6.0,True,75.0,0.0,,,1537,2428
865,occ,,,,0.25,,1500.0,6.0,True,75.0,0.0,,,1548,2430
866,occ,,,,0.5,,1500.0,6.0,True,75.0,0.0,,,1547,2428
867,occ,,,,1.0,,1500.0,6.0,True,75.0,0.0,,,1553,2429
868,occ,,,,0.0,,1500.0,6.0,True,75.0,0.25,,,1549,2434
869,occ,,,,0.25,,1500.0,6.0,True,75.0,0.25,,,1558,2439
870,occ,,,,0.5,,1500.0,6.0,True,75.0,0.25,,,1551,2434
871,occ,,,,1.0,,1500.0,6.0,True,75.0,0.25,,,1564,2431
872,occ,,,,0.0,,1500.0,6.0,True,75.0,0.5,,,1553,2435
873,occ,,,,0.25,,1500.0,6.0,True,75.0,0.5,,,1555,2441
874,occ,,,,0.5,,1500.0,6.0,True,75.0,0.5,,,1561,2439
875,occ,,,,1.0,,1500.0,6.0,True,75.0,0.5,,,1565,2434
876,occ,,,,0.0,,1500.0,6.0,True,75.0,1.0,,,1555,2436
877,occ,,,,0.25,,1500.0,6.0,True,75.0,1.0,,,1560,2442
878,occ,,,,0.5,,1500.0,6.0,True,75.0,1.0,,,1562,2439
879,occ,,,,1.0,,1500.0,6.0,True,75.0,1.0,,,1560,2435
880,occ,,,,0.0,,1500.0,6.0,True,150.0,0.0,,,1537,2428
881,occ,,,,0.25,,1500.0,6.0,True,150.0,0.0,,,1548,2430
882,occ,,,,0.5,,1500.0,6.0,True,150.0,0.0,,,1547,2428
883,occ,,,,1.0,,1500.0,6.0,True,150.0,0.0,,,1553,2429
884,occ,,,,0.0,,1500.0,6.0,True,150.0,0.25,,,1549,2437
885,occ,,,,0.25,,1500.0,6.0,True,150.0,0.25,,,1556,2443
886,occ,,,,0.5,,1500.0,6.0,True,150.0,0.25,,,1551,2433
887,occ,,,,1.0,,1500.0,6.0,True,150.0,0.25,,,1563,2430
888,occ,,,,0.0,,1500.0,6.0,True,150.0,0.5,,,1547,2430
889,occ,,,,0.25,,1500.0,6.0,True,150.0,0.5,,,1559,2441
890,occ,,,,0.5,,1500.0,6.0,True,150.0,0.5,,,1552,2433
891,occ,,,,1.0,,1500.0,6.0,True,150.0,0.5,,,1557,2427
892,occ,,,,0.0,,1500.0,6.0,True,150.0,1.0,,,1548,2440
893,occ,,,,0.25,,1500.0,6.0,True,150.0,1.0,,,1569,2454
894,occ,,,,0.5,,1500.0,6.0,True,150.0,1.0,,,1564,2439
895,occ,,,,1.0,,1500.0,6.0,True,150.0,1.0,,,1553,2435
896,occ,,,,0.0,,1500.0,6.0,True,300.0,0.0,,,1537,2428
897,occ,,,,0.25,,1500.0,6.0,True,300.0,0.0,,,1548,2430
898,occ,,,,0.5,,1500.0,6.0,True,300.0,0.0,,,1547,2428
899,occ,,,,1.0,,1500.0,6.0,True,300.0,0.0,,,1553,2429
900,occ,,,,0.0,,1500.0,6.0,True,300.0,0.25,,,1547,2432
901,occ,,,,0.25,,1500.0,6.0,True,300.0,0.25,,,1550,2433
902,occ,,,,0.5,,1500.0,6.0,True,300.0,0.25,,,1551,2430
903,occ,,,,1.0,,1500.0,6.0,True,300.0,0.25,,,1562,2433
904,occ,,,,0.0,,1500.0,6.0,True,300.0,0.5,,,1550,2430
905,occ,,,,0.25,,1500.0,6.0,True,300.0,0.5,,,1549,2431
906,occ,,,,0.5,,1500.0,6.0,True,300.0,0.5,,,1554,2435
907,occ,,,,1.0,,1500.0,6.0,True,300.0,0.5,,,1560,2429
908,occ,,,,0.0,,1500.0,6.0,True,300.0,1.0,,,1554,2438
909,occ,,,,0.25,,1500.0,6.0,True,300.0,1.0,,,1561,2445
910,occ,,,,0.5,,1500.0,6.0,True,300.0,1.0,,,1564,2439
911,occ,,,,1.0,,1500.0,6.0,True,300.0,1.0,,,1555,2436
912,occ,,,,0.0,,1500.0,6.0,False,75.0,0.0,,,1537,2428
913,occ,,,,0.25,,1500.0,6.0,False,75.0,0.0,,,1548,2430
914,occ,,,,0.5,,1500.0,6.0,False,75.0,0.0,,,1547,2428
915,occ,,,,1.0,,1500.0,6.0,False,75.0,0.0,,,1553,2429
916,occ,,,,0.0,,1500.0,6.0,False,75.0,0.25,,,1549,2434
917,occ,,,,0.25,,1500.0,6.0,False,75.0,0.25,,,1558,2439
918,occ,,,,0.5,,1500.0,6.0,False,75.0,0.25,,,1551,2434
919,occ,,,,1.0,,1500.0,6.0,False,75.0,0.25,,,1564,2431
920,occ,,,,0.0,,1500.0,6.0,False,75.0,0.5,,,1553,2435
921,occ,,,,0.25,,1500.0,6.0,False,75.0,0.5,,,1555,2441
922,occ,,,,0.5,,1500.0,6.0,False,75.0,0.5,,,1561,2439
923,occ,,,,1.0,,1500.0,6.0,False,75.0,0.5,,,1565,2434
924,occ,,,,0.0,,1500.0,6.0,False,75.0,1.0,,,1555,2436
925,occ,,,,0.25,,1500.0,6.0,False,75.0,1.0,,,1560,2442
926,occ,,,,0.5,,1500.0,6.0,False,75.0,1.0,,,1562,2439
927,occ,,,,1.0,,1500.0,6.0,False,75.0,1.0,,,1560,2435
928,occ,,,,0.0,,1500.0,6.0,False,150.0,0.0,,,1537,2428
929,occ,,,,0.25,,1500.0,6.0,False,150.0,0.0,,,1548,2430
930,occ,,,,0.5,,1500.0,6.0,False,150.0,0.0,,,1547,2428
931,occ,,,,1.0,,1500.0,6.0,False,150.0,0.0,,,1553,2429
932,occ,,,,0.0,,1500.0,6.0,False,150.0,0.25,,,1549,2437
933,occ,,,,0.25,,1500.0,6.0,False,150.0,0.25,,,1556,2443
934,occ,,,,0.5,,1500.0,6.0,False,150.0,0.25,,,1551,2433
935,occ,,,,1.0,,1500.0,6.0,False,150.0,0.25,,,1563,2430
936,occ,,,,0.0,,1500.0,6.0,False,150.0,0.5,,,1547,2430
937,occ,,,,0.25,,1500.0,6.0,False,150.0,0.5,,,1559,2441
938,occ,,,,0.5,,1500.0,6.0,False,150.0,0.5,,,1552,2433
939,occ,,,,1.0,,1500.0,6.0,False,150.0,0.5,,,1557,2427
940,occ,,,,0.0,,1500.0,6.0,False,150.0,1.0,,,1548,2440
941,occ,,,,0.25,,1500.0,6.0,False,150.0,1.0,,,1569,2454
942,occ,,,,0.5,,1500.0,6.0,False,150.0,1.0,,,1564,2439
943,occ,,,,1.0,,1500.0,6.0,False,150.0,1.0,,,1553,2435
944,occ,,,,0.0,,1500.0,6.0,False,300.0,0.0,,,1537,2428
945,occ,,,,0.25,,1500.0,6.0,False,300.0,0.0,,,1548,2430
946,occ,,,,0.5,,1500.0,6.0,False,300.0,0.0,,,1547,2428
947,occ,,,,1.0,,1500.0,6.0,False,300.0,0.0,,,1553,2429
948,occ,,,,0.0,,1500.0,6.0,False,300.0,0.25,,,1547,2432
949,occ,,,,0.25,,1500.0,6.0,False,300.0,0.25,,,1550,2433
950,occ,,,,0.5,,1500.0,6.0,False,300.0,0.25,,,1551,2430
951,occ,,,,1.0,,1500.0,6.0,False,300.0,0.25,,,1562,2433
952,occ,,,,0.0,,1500.0,6.0,False,300.0,0.5,,,1550,2430
953,occ,,,,0.25,,1500.0,6.0,False,300.0,0.5,,,1549,2431
954,occ,,,,0.5,,1500.0,6.0,False,300.0,0.5,,,1554,2435
955,occ,,,,1.0,,1500.0,6.0,False,300.0,0.5,,,1560,2429
956,occ,,,,0.0,,1500.0,6.0,False,300.0,1.0,,,1554,2438
957,occ,,,,0.25,,1500.0,6.0,False,300.0,1.0,,,1561,2445
958,occ,,,,0.5,,1500.0,6.0,False,300.0,1.0,,,1564,2439
959,occ,,,,1.0,,1500.0,6.0,False,300.0,1.0,,,1555,2436
960,occ,,,,0.0,,1500.0,50.0,True,75.0,0.0,,,1537,2428
961,occ,,,,0.25,,1500.0,50.0,True,75.0,0.0,,,1548,2430
962,occ,,,,0.5,,1500.0,50.0,True,75.0,0.0,,,1547,2428
963,occ,,,,1.0,,1500.0,50.0,True,75.0,0.0,,,1553,2429
964,occ,,,,0.0,,1500.0,50.0,True,75.0,0.25,,,1549,2434
965,occ,,,,0.25,,1500.0,50.0,True,75.0,0.25,,,1558,2439
966,occ,,,,0.5,,1500.0,50.0,True,75.0,0.25,,,1551,2434
967,occ,,,,1.0,,1500.0,50.0,True,75.0,0.25,,,1564,2431
968,occ,,,,0.0,,1500.0,50.0,True,75.0,0.5,,,1553,2435
969,occ,,,,0.25,,1500.0,50.0,True,75.0,0.5,,,1555,2441
970,occ,,,,0.5,,1500.0,50.0,True,75.0,0.5,,,1561,2439
971,occ,,,,1.0,,1500.0,50.0,True,75.0,0.5,,,1565,2434
972,occ,,,,0.0,,1500.0,50.0,True,75.0,1.0,,,1555,2436
973,occ,,,,0.25,,1500.0,50.0,True,75.0,1.0,,,1560,2442
974,occ,,,,0.5,,1500.0,50.0,True,75.0,1.0,,,1562,2439
975,occ,,,,1.0,,1500.0,50.0,True,75.0,1.0,,,1560,2435
976,occ,,,,0.0,,1500.0,50.0,True,150.0,0.0,,,1537,2428
977,occ,,,,0.25,,1500.0,50.0,True,150.0,0.0,,,1548,2430
978,occ,,,,0.5,,1500.0,50.0,True,150.0,0.0,,,1547,2428
979,occ,,,,1.0,,1500.0,50.0,True,150.0,0.0,,,1553,2429
980,occ,,,,0.0,,1500.0,50.0,True,150.0,0.25,,,1549,2437
981,occ,,,,0.25,,1500.0,50.0,True,150.0,0.25,,,1556,2443
982,occ,,,,0.5,,1500.0,50.0,True,150.0,0.25,,,1551,2433
983,occ,,,,1.0,,1500.0,50.0,True,150.0,0.25,,,1563,2430
984,occ,,,,0.0,,1500.0,50.0,True,150.0,0.5,,,1547,2430
985,occ,,,,0.25,,1500.0,50.0,True,150.0,0.5,,,1559,2441
986,occ,,,,0.5,,1500.0,50.0,True,150.0,0.5,,,1552,2433
987,occ,,,,1.0,,1500.0,50.0,True,150.0,0.5,,,1557,2427
988,occ,,,,0.0,,1500.0,50.0,True,150.0,1.0,,,1548,2440
989,occ,,,,0.25,,1500.0,50.0,True,150.0,1.0,,,1569,2454
990,occ,,,,0.5,,1500.0,50.0,True,150.0,1.0,,,1564,2439
991,occ,,,,1.0,,1500.0,50.0,True,150.0,1.0,,,1553,2435
992,occ,,,,0.0,,1500.0,50.0,True,300.0,0.0,,,1537,2428
993,occ,,,,0.25,,1500.0,50.0,True,300.0,0.0,,,1548,2430
994,occ,,,,0.5,,1500.0,50.0,True,300.0,0.0,,,1547,2428
995,occ,,,,1.0,,1500.0,50.0,True,300.0,0.0,,,1553,2429
996,occ,,,,0.0,,1500.0,50.0,True,300.0,0.25,,,1547,2432
997,occ,,,,0.25,,1500.0,50.0,True,300.0,0.25,,,1550,2433
998,occ,,,,0.5,,1500.0,50.0,True,300.0,0.25,,,1551,2430
999,occ,,,,1.0,,1500.0,50.0,True,300.0,0.25,,,1562,2433
1000,occ,,,,0.0,,1500.0,50.0,True,300.0,0.5,,,1550,2430
1001,occ,,,,0.25,,1500.0,50.0,True,300.0,0.5,,,1549,2431
1002,occ,,,,0.5,,1500.0,50.0,True,300.0,0.5,,,1554,2435
1003,occ,,,,1.0,,1500.0,50.0,True,300.0,0.5,,,1560,2429
1004,occ,,,,0.0,,1500.0,50.0,True,300.0,1.0,,,1554,2438
1005,occ,,,,0.25,,1500.0,50.0,True,300.0,1.0,,,1561,2445
1006,occ,,,,0.5,,1500.0,50.0,True,300.0,1.0,,,1564,2439
1007,occ,,,,1.0,,1500.0,50.0,True,300.0,1.0,,,1555,2436
1008,occ,,,,0.0,,1500.0,50.0,False,75.0,0.0,,,1537,2428
1009,occ,,,,0.25,,1500.0,50.0,False,75.0,0.0,,,1548,2430
1010,occ,,,,0.5,,1500.0,50.0,False,75.0,0.0,,,1547,2428
1011,occ,,,,1.0,,1500.0,50.0,False,75.0,0.0,,,1553,2429
1012,occ,,,,0.0,,1500.0,50.0,False,75.0,0.25,,,1549,2434
1013,occ,,,,0.25,,1500.0,50.0,False,75.0,0.25,,,1558,2439
1014,occ,,,,0.5,,1500.0,50.0,False,75.0,0.25,,,1551,2434
1015,occ,,,,1.0,,1500.0,50.0,False,75.0,0.25,,,1564,2431
1016,occ,,,,0.0,,1500.0,50.0,False,75.0,0.5,,,1553,2435
1017,occ,,,,0.25,,1500.0,50.0,False,75.0,0.5,,,1555,2441
1018,occ,,,,0.5,,1500.0,50.0,False,75.0,0.5,,,1561,2439
1019,occ,,,,1.0,,1500.0,50.0,False,75.0,0.5,,,1565,2434
1020,occ,,,,0.0,,1500.0,50.0,False,75.0,1.0,,,1555,2436
1021,occ,,,,0.25,,1500.0,50.0,False,75.0,1.0,,,1560,2442
1022,occ,,,,0.5,,1500.0,50.0,False,75.0,1.0,,,1562,2439
1023,occ,,,,1.0,,1500.0,50.0,False,75.0,1.0,,,1560,2435
1024,occ,,,,0.0,,1500.0,50.0,False,150.0,0.0,,,1537,2428
1025,occ,,,,0.25,,1500.0,50.0,False,150.0,0.0,,,1548,2430
1026,occ,,,,0.5,,1500.0,50.0,False,150.0,0.0,,,1547,2428
1027,occ,,,,1.0,,1500.0,50.0,False,150.0,0.0,,,1553,2429
1028,occ,,,,0.0,,1500.0,50.0,False,150.0,0.25,,,1549,2437
1029,occ,,,,0.25,,1500.0,50.0,False,150.0,0.25,,,1556,2443
1030,occ,,,,0.5,,1500.0,50.0,False,150.0,0.25,,,1551,2433
1031,occ,,,,1.0,,1500.0,50.0,False,150.0,0.25,,,1563,2430
1032,occ,,,,0.0,,1500.0,50.0,False,150.0,0.5,,,1547,2430
1033,occ,,,,0.25,,1500.0,50.0,False,150.0,0.5,,,1559,2441
1034,occ,,,,0.5,,1500.0,50.0,False,150.0,0.5,,,1552,2433
1035,occ,,,,1.0,,1500.0,50.0,False,150.0,0.5,,,1557,2427
1036,occ,,,,0.0,,1500.0,50.0,False,150.0,1.0,,,1548,2440
1037,occ,,,,0.25,,1500.0,50.0,False,150.0,1.0,,,1569,2454
1038,occ,,,,0.5,,1500.0,50.0,False,150.0,1.0,,,1564,2439
1039,occ,,,,1.0,,1500.0,50.0,False,150.0,1.0,,,1553,2435
1040,occ,,,,0.0,,1500.0,50.0,False,300.0,0.0,,,1537,2428
1041,occ,,,,0.25,,1500.0,50.0,False,300.0,0.0,,,1548,2430
1042,occ,,,,0.5,,1500.0,50.0,False,300.0,0.0,,,1547,2428
1043,occ,,,,1.0,,1500.0,50.0,False,300.0,0.0,,,1553,2429
1044,occ,,,,0.0,,1500.0,50.0,False,300.0,0.25,,,1547,2432
1045,occ,,,,0.25,,1500.0,50.0,False,300.0,0.25,,,1550,2433
1046,occ,,,,0.5,,1500.0,50.0,False,300.0,0.25,,,1551,2430
1047,occ,,,,1.0,,1500.0,50.0,False,300.0,0.25,,,1562,2433
1048,occ,,,,0.0,,1500.0,50.0,False,300.0,0.5,,,1550,2430
1049,occ,,,,0.25,,1500.0,50.0,False,300.0,0.5,,,1549,2431
1050,occ,,,,0.5,,1500.0,50.0,False,300.0,0.5,,,1554,2435
1051,occ,,,,1.0,,1500.0,50.0,False,300.0,0.5,,,1560,2429
1052,occ,,,,0.0,,1500.0,50.0,False,300.0,1.0,,,1554,2438
1053,occ,,,,0.25,,1500.0,50.0,False,300.0,1.0,,,1561,2445
1054,occ,,,,0.5,,1500.0,50.0,False,300.0,1.0,,,1564,2439
1055,occ,,,,1.0,,1500.0,50.0,False,300.0,1.0,,,1555,2436
1056,occ,,,,0.0,,2000.0,0.0,True,75.0,0.0,,,1526,2422
1057,occ,,,,0.25,,2000.0,0.0,True,75.0,0.0,,,1539,2427
1058,occ,,,,0.5,,2000.0,0.0,True,75.0,0.0,,,1539,2423
1059,occ,,,,1.0,,2000.0,0.0,True,75.0,0.0,,,1542,2422
1060,occ,,,,0.0,,2000.0,0.0,True,75.0,0.25,,,1540,2430
1061,occ,,,,0.25,,2000.0,0.0,True,75.0,0.25,,,1550,2435
1062,occ,,,,0.5,,2000.0,0.0,True,75.0,0.25,,,1544,2430
1063,occ,,,,1.0,,2000.0,0.0,True,75.0,0.25,,,1554,2426
1064,occ,,,,0.0,,2000.0,0.0,True,75.0,0.5,,,1546,2430
1065,occ,,,,0.25,,2000.0,0.0,True,75.0,0.5,,,1547,2435
1066,occ,,,,0.5,,2000.0,0.0,True,75.0,0.5,,,1554,2435
1067,occ,,,,1.0,,2000.0,0.0,True,75.0,0.5,,,1555,2428
1068,occ,,,,0.0,,2000.0,0.0,True,75.0,1.0,,,1553,2433
1069,occ,,,,0.25,,2000.0,0.0,True,75.0,1.0,,,1556,2439
1070,occ,,,,0.5,,2000.0,0.0,True,75.0,1.0,,,1558,2437
1071,occ,,,,1.0,,2000.0,0.0,True,75.0,1.0,,,1555,2429
1072,occ,,,,0.0,,2000.0,0.0,True,150.0,0.0,,,1526,2422
1073,occ,,,,0.25,,2000.0,0.0,True,150.0,0.0,,,1539,2427
1074,occ,,,,0.5,,2000.0,0.0,True,150.0,0.0,,,1539,2423
1075,occ,,,,1.0,,2000.0,0.0,True,150.0,0.0,,,1542,2422
1076,occ,,,,0.0,,2000.0,0.0,True,150.0,0.25,,,1541,2434
1077,occ,,,,0.25,,2000.0,0.0,True,150.0,0.25,,,1548,2439
1078,occ,,,,0.5,,2000.0,0.0,True,150.0,0.25,,,1544,2429
1079,occ,,,,1.0,,2000.0,0.0,True,150.0,0.25,,,1552,2424
1080,occ,,,,0.0,,2000.0,0.0,True,150.0,0.5,,,1538,2425
1081,occ,,,,0.25,,2000.0,0.0,True,150.0,0.5,,,1551,2437
1082,occ,,,,0.5,,2000.0,0.0,True,150.0,0.5,,,1545,2430
1083,occ,,,,1.0,,2000.0,0.0,True,150.0,0.5,,,1547,2421
1084,occ,,,,0.0,,2000.0,0.0,True,150.0,1.0,,,1546,2436
1085,occ,,,,0.25,,2000.0,0.0,True,150.0,1.0,,,1566,2450
1086,occ,,,,0.5,,2000.0,0.0,True,150.0,1.0,,,1561,2435
1087,occ,,,,1.0,,2000.0,0.0,True,150.0,1.0,,,1549,2430
1088,occ,,,,0.0,,2000.0,0.0,True,300.0,0.0,,,1526,2422
1089,occ,,,,0.25,,2000.0,0.0,True,300.0,0.0,,,1539,2427
1090,occ,,,,0.5,,2000.0,0.0,True,300.0,0.0,,,1539,2423
1091,occ,,,,1.0,,2000.0,0.0,True,300.0,0.0,,,1542,2422
1092,occ,,,,0.0,,2000.0,0.0,True,300.0,0.25,,,1539,2428
1093,occ,,,,0.25,,2000.0,0.0,True,300.0,0.25,,,1542,2429
1094,occ,,,,0.5,,2000.0,0.0,True,300.0,0.25,,,1544,2425
1095,occ,,,,1.0,,2000.0,0.0,True,300.0,0.25,,,1551,2427
1096,occ,,,,0.0,,2000.0,0.0,True,300.0,0.5,,,1540,2425
1097,occ,,,,0.25,,2000.0,0.0,True,300.0,0.5,,,1540,2427
1098,occ,,,,0.5,,2000.0,0.0,True,300.0,0.5,,,1547,2430
1099,occ,,,,1.0,,2000.0,0.0,True,300.0,0.5,,,1549,2423
1100,occ,,,,0.0,,2000.0,0.0,True,300.0,1.0,,,1552,2434
1101,occ,,,,0.25,,2000.0,0.0,True,300.0,1.0,,,1558,2441
1102,occ,,,,0.5,,2000.0,0.0,True,300.0,1.0,,,1560,2435
1103,occ,,,,1.0,,2000.0,0.0,True,300.0,1.0,,,1552,2433
1104,occ,,,,0.0,,2000.0,0.0,False,75.0,0.0,,,1526,2422
1105,occ,,,,0.25,,2000.0,0.0,False,75.0,0.0,,,1539,2427
1106,occ,,,,0.5,,2000.0,0.0,False,75.0,0.0,,,1539,2423
1107,occ,,,,1.0,,2000.0,0.0,False,75.0,0.0,,,1542,2422
1108,occ,,,,0.0,,2000.0,0.0,False,75.0,0.25,,,1540,2430
1109,occ,,,,0.25,,2000.0,0.0,False,75.0,0.25,,,1550,2435
1110,occ,,,,0.5,,2000.0,0.0,False,75.0,0.25,,,1544,2430
1111,occ,,,,1.0,,2000.0,0.0,False,75.0,0.25,,,1554,2426
1112,occ,,,,0.0,,2000.0,0.0,False,75.0,0.5,,,1546,2430
1113,occ,,,,0.25,,2000.0,0.0,False,75.0,0.5,,,1547,2435
1114,occ,,,,0.5,,2000.0,0.0,False,75.0,0.5,,,1554,2435
1115,occ,,,,1.0,,2000.0,0.0,False,75.0,0.5,,,1555,2428
1116,occ,,,,0.0,,2000.0,0.0,False,75.0,1.0,,,1553,2433
1117,occ,,,,0.25,,2000.0,0.0,False,75.0,1.0,,,1556,2439
1118,occ,,,,0.5,,2000.0,0.0,False,75.0,1.0,,,1558,2437
1119,occ,,,,1.0,,2000.0,0.0,False,75.0,1.0,,,1555,2429
1120,occ,,,,0.0,,2000.0,0.0,False,150.0,0.0,,,1526,2422
1121,occ,,,,0.25,,2000.0,0.0,False,150.0,0.0,,,1539,2427
1122,occ,,,,0.5,,2000.0,0.0,False,150.0,0.0,,,1539,2423
1123,occ,,,,1.0,,2000.0,0.0,False,150.0,0.0,,,1542,2422
1124,occ,,,,0.0,,2000.0,0.0,False,150.0,0.25,,,1541,2434
1125,occ,,,,0.25,,2000.0,0.0,False,150.0,0.25,,,1548,2439
1126,occ,,,,0.5,,2000.0,0.0,False,150.0,0.25,,,1544,2429
1127,occ,,,,1.0,,2000.0,0.0,False,150.0,0.25,,,1552,2424
1128,occ,,,,0.0,,2000.0,0.0,False,150.0,0.5,,,1538,2425
1129,occ,,,,0.25,,2000.0,0.0,False,150.0,0.5,,,1551,2437
1130,occ,,,,0.5,,2000.0,0.0,False,150.0,0.5,,,1545,2430
1131,occ,,,,1.0,,2000.0,0.0,False,150.0,0.5,,,1547,2421
1132,occ,,,,0.0,,2000.0,0.0,False,150.0,1.0,,,1546,2436
1133,occ,,,,0.25,,2000.0,0.0,False,150.0,1.0,,,1566,2450
1134,occ,,,,0.5,,2000.0,0.0,False,150.0,1.0,,,1561,2435
1135,occ,,,,1.0,,2000.0,0.0,False,150.0,1.0,,,1549,2430
1136,occ,,,,0.0,,2000.0,0.0,False,300.0,0.0,,,1526,2422
1137,occ,,,,0.25,,2000.0,0.0,False,300.0,0.0,,,1539,2427
1138,occ,,,,0.5,,2000.0,0.0,False,300.0,0.0,,,1539,2423
1139,occ,,,,1.0,,2000.0,0.0,False,300.0,0.0,,,1542,2422
1140,occ,,,,0.0,,2000.0,0.0,False,300.0,0.25,,,1539,2428
1141,occ,,,,0.25,,2000.0,0.0,False,300.0,0.25,,,1542,2429
1142,occ,,,,0.5,,2000.0,0.0,False,300.0,0.25,,,1544,2425
1143,occ,,,,1.0,,2000.0,0.0,False,300.0,0.25,,,1551,2427
1144,occ,,,,0.0,,2000.0,0.0,False,300.0,0.5,,,1540,2425
1145,occ,,,,0.25,,2000.0,0.0,False,300.0,0.5,,,1540,2427
1146,occ,,,,0.5,,2000.0,0.0,False,300.0,0.5,,,1547,2430
1147,occ,,,,1.0,,2000.0,0.0,False,300.0,0.5,,,1549,2423
1148,occ,,,,0.0,,2000.0,0.0,False,300.0,1.0,,,1552,2434
1149,occ,,,,0.25,,2000.0,0.0,False,300.0,1.0,,,1558,2441
1150,occ,,,,0.5,,2000.0,0.0,False,300.0,1.0,,,1560,2435
1151,occ,,,,1.0,,2000.0,0.0,False,300.0,1.0,,,1552,2433
1152,occ,,,,0.0,,2000.0,2.0,True,75.0,0.0,,,1534,2428
1153,occ,,,,0.25,,2000.0,2.0,True,75.0,0.0,,,1545,2430
1154,occ,,,,0.5,,2000.0,2.0,True,75.0,0.0,,,1544,2427
1155,occ,,,,1.0,,2000.0,2.0,True,75.0,0.0,,,1549,2427
1156,occ,,,,0.0,,2000.0,2.0,True,75.0,0.25,,,1545,2433
1157,occ,,,,0.25,,2000.0,2.0,True,75.0,0.25,,,1555,2439
1158,occ,,,,0.5,,2000.0,2.0,True,75.0,0.25,,,1548,2434
1159,occ,,,,1.0,,2000.0,2.0,True,75.0,0.25,,,1561,2431
1160,occ,,,,0.0,,2000.0,2.0,True,75.0,0.5,,,1549,2433
1161,occ,,,,0.25,,2000.0,2.0,True,75.0,0.5,,,1551,2439
1162,occ,,,,0.5,,2000.0,2.0,True,75.0,0.5,,,1558,2438
1163,occ,,,,1.0,,2000.0,2.0,True,75.0,0.5,,,1561,2432
1164,occ,,,,0.0,,2000.0,2.0,True,75.0,1.0,,,1554,2437
1165,occ,,,,0.25,,2000.0,2.0,True,75.0,1.0,,,1558,2442
1166,occ,,,,0.5,,2000.0,2.0,True,75.0,1.0,,,1560,2439
1167,occ,,,,1.0,,2000.0,2.0,True,75.0,1.0,,,1558,2433
1168,occ,,,,0.0,,2000.0,2.0,True,150.0,0.0,,,1534,2428
1169,occ,,,,0.25,,2000.0,2.0,True,150.0,0.0,,,1545,2430
1170,occ,,,,0.5,,2000.0,2.0,True,150.0,0.0,,,1544,2427
1171,occ,,,,1.0,,2000.0,2.0,True,150.0,0.0,,,1549,2427
1172,occ,,,,0.0,,2000.0,2.0,True,150.0,0.25,,,1546,2437
1173,occ,,,,0.25,,2000.0,2.0,True,150.0,0.25,,,1553,2443
1174,occ,,,,0.5,,2000.0,2.0,True,150.0,0.25,,,1548,2433
1175,occ,,,,1.0,,2000.0,2.0,True,150.0,0.25,,,1559,2429
1176,occ,,,,0.0,,2000.0,2.0,True,150.0,0.5,,,1543,2428
1177,occ,,,,0.25,,2000.0,2.0,True,150.0,0.5,,,1556,2440
1178,occ,,,,0.5,,2000.0,2.0,True,150.0,0.5,,,1549,2432
1179,occ,,,,1.0,,2000.0,2.0,True,150.0,0.5,,,1553,2425
1180,occ,,,,0.0,,2000.0,2.0,True,150.0,1.0,,,1548,2441
1181,occ,,,,0.25,,2000.0,2.0,True,150.0,1.0,,,1568,2454
1182,occ,,,,0.5,,2000.0,2.0,True,150.0,1.0,,,1563,2439
1183,occ,,,,1.0,,2000.0,2.0,True,150.0,1.0,,,1552,2435
1184,occ,,,,0.0,,2000.0,2.0,True,300.0,0.0,,,1534,2428
1185,occ,,,,0.25,,2000.0,2.0,True,300.0,0.0,,,1545,2430
1186,occ,,,,0.5,,2000.0,2.0,True,300.0,0.0,,,1544,2427
1187,occ,,,,1.0,,2000.0,2.0,True,300.0,0.0,,,1549,2427
1188,occ,,,,0.0,,2000.0,2.0,True,300.0,0.25,,,1544,2432
1189,occ,,,,0.25,,2000.0,2.0,True,300.0,0.25,,,1547,2433
1190,occ,,,,0.5,,2000.0,2.0,True,300.0,0.25,,,1548,2430
1191,occ,,,,1.0,,2000.0,2.0,True,300.0,0.25,,,1558,2432
1192,occ,,,,0.0,,2000.0,2.0,True,300.0,0.5,,,1546,2429
1193,occ,,,,0.25,,2000.0,2.0,True,300.0,0.5,,,1546,2431
1194,occ,,,,0.5,,2000.0,2.0,True,300.0,0.5,,,1551,2434
1195,occ,,,,1.0,,2000.0,2.0,True,300.0,0.5,,,1556,2427
1196,occ,,,,0.0,,2000.0,2.0,True,300.0,1.0,,,1553,2437
1197,occ,,,,0.25,,2000.0,2.0,True,300.0,1.0,,,1560,2444
1198,occ,,,,0.5,,2000.0,2.0,True,300.0,1.0,,,1562,2437
1199,occ,,,,1.0,,2000.0,2.0,True,300.0,1.0,,,1554,2435
1200,occ,,,,0.0,,2000.0,2.0,False,75.0,0.0,,,1534,2428
1201,occ,,,,0.25,,2000.0,2.0,False,75.0,0.0,,,1545,2430
1202,occ,,,,0.5,,2000.0,2.0,False,75.0,0.0,,,1544,2427
1203,occ,,,,1.0,,2000.0,2.0,False,75.0,0.0,,,1549,2427
1204,occ,,,,0.0,,2000.0,2.0,False,75.0,0.25,,,1545,2433
1205,occ,,,,0.25,,2000.0,2.0,False,75.0,0.25,,,1555,2439
1206,occ,,,,0.5,,2000.0,2.0,False,75.0,0.25,,,1548,2434
1207,occ,,,,1.0,,2000.0,2.0,False,75.0,0.25,,,1561,2431
1208,occ,,,,0.0,,2000.0,2.0,False,75.0,0.5,,,1549,2433
1209,occ,,,,0.25,,2000.0,2.0,False,75.0,0.5,,,1551,2439
1210,occ,,,,0.5,,2000.0,2.0,False,75.0,0.5,,,1558,2438
1211,occ,,,,1.0,,2000.0,2.0,False,75.0,0.5,,,1561,2432
1212,occ,,,,0.0,,2000.0,2.0,False,75.0,1.0,,,1554,2437
1213,occ,,,,0.25,,2000.0,2.0,False,75.0,1.0,,,1558,2442
1214,occ,,,,0.5,,2000.0,2.0,False,75.0,1.0,,,1560,2439
1215,occ,,,,1.0,,2000.0,2.0,False,75.0,1.0,,,1558,2433
1216,occ,,,,0.0,,2000.0,2.0,False,150.0,0.0,,,1534,2428
1217,occ,,,,0.25,,2000.0,2.0,False,150.0,0.0,,,1545,2430
1218,occ,,,,0.5,,2000.0,2.0,False,150.0,0.0,,,1544,2427
1219,occ,,,,1.0,,2000.0,2.0,False,150.0,0.0,,,1549,2427
1220,occ,,,,0.0,,2000.0,2.0,False,150.0,0.25,,,1546,2437
1221,occ,,,,0.25,,2000.0,2.0,False,150.0,0.25,,,1553,2443
1222,occ,,,,0.5,,2000.0,2.0,False,150.0,0.25,,,1548,2433
1223,occ,,,,1.0,,2000.0,2.0,False,150.0,0.25,,,1559,2429
1224,occ,,,,0.0,,2000.0,2.0,False,150.0,0.5,,,1543,2428
1225,occ,,,,0.25,,2000.0,2.0,False,150.0,0.5,,,1556,2440
1226,occ,,,,0.5,,2000.0,2.0,False,150.0,0.5,,,1549,2432
1227,occ,,,,1.0,,2000.0,2.0,False,150.0,0.5,,,1553,2425
1228,occ,,,,0.0,,2000.0,2.0,False,150.0,1.0,,,1548,2441
1229,occ,,,,0.25,,2000.0,2.0,False,150.0,1.0,,,1568,2454
1230,occ,,,,0.5,,2000.0,2.0,False,150.0,1.0,,,1563,2439
1231,occ,,,,1.0,,2000.0,2.0,False,150.0,1.0,,,1552,2435
1232,occ,,,,0.0,,2000.0,2.0,False,300.0,0.0,,,1534,2428
1233,occ,,,,0.25,,2000.0,2.0,False,300.0,0.0,,,1545,2430
1234,occ,,,,0.5,,2000.0,2.0,False,300.0,0.0,,,1544,2427
1235,occ,,,,1.0,,2000.0,2.0,False,300.0,0.0,,,1549,2427
1236,occ,,,,0.0,,2000.0,2.0,False,300.0,0.25,,,1544,2432
1237,occ,,,,0.25,,2000.0,2.0,False,300.0,0.25,,,1547,2433
1238,occ,,,,0.5,,2000.0,2.0,False,300.0,0.25,,,1548,2430
1239,occ,,,,1.0,,2000.0,2.0,False,300.0,0.25,,,1558,2432
1240,occ,,,,0.0,,2000.0,2.0,False,300.0,0.5,,,1546,2429
1241,occ,,,,0.25,,2000.0,2.0,False,300.0,0.5,,,1546,2431
1242,occ,,,,0.5,,2000.0,2.0,False,300.0,0.5,,,1551,2434
1243,occ,,,,1.0,,2000.0,2.0,False,300.0,0.5,,,1556,2427
1244,occ,,,,0.0,,2000.0,2.0,False,300.0,1.0,,,1553,2437
1245,occ,,,,0.25,,2000.0,2.0,False,300.0,1.0,,,1560,2444
1246,occ,,,,0.5,,2000.0,2.0,False,300.0,1.0,,,1562,2437
1247,occ,,,,1.0,,2000.0,2.0,False,300.0,1.0,,,1554,2435
1248,occ,,,,0.0,,2000.0,6.0,True,75.0,0.0,,,1534,2428
1249,occ,,,,0.25,,2000.0,6.0,True,75.0,0.0,,,1545,2430
1250,occ,,,,0.5,,2000.0,6.0,True,75.0,0.0,,,1544,2427
1251,occ,,,,1.0,,2000.0,6.0,True,75.0,0.0,,,1549,2427
1252,occ,,,,0.0,,2000.0,6.0,True,75.0,0.25,,,1545,2433
1253,occ,,,,0.25,,2000.0,6.0,True,75.0,0.25,,,1555,2439
1254,occ,,,,0.5,,2000.0,6.0,True,75.0,0.25,,,1548,2434
1255,occ,,,,1.0,,2000.0,6.0,True,75.0,0.25,,,1561,2431
1256,occ,,,,0.0,,2000.0,6.0,True,75.0,0.5,,,1549,2434
1257,occ,,,,0.25,,2000.0,6.0,True,75.0,0.5,,,1551,2440
1258,occ,,,,0.5,,2000.0,6.0,True,75.0,0.5,,,1558,2439
1259,occ,,,,1.0,,2000.0,6.0,True,75.0,0.5,,,1561,2433
1260,occ,,,,0.0,,2000.0,6.0,True,75.0,1.0,,,1554,2437
1261,occ,,,,0.25,,2000.0,6.0,True,75.0,1.0,,,1558,2442
1262,occ,,,,0.5,,2000.0,6.0,True,75.0,1.0,,,1560,2439
1263,occ,,,,1.0,,2000.0,6.0,True,75.0,1.0,,,1558,2433
1264,occ,,,,0.0,,2000.0,6.0,True,150.0,0.0,,,1534,2428
1265,occ,,,,0.25,,2000.0,6.0,True,150.0,0.0,,,1545,2430
1266,occ,,,,0.5,,2000.0,6.0,True,150.0,0.0,,,1544,2427
1267,occ,,,,1.0,,2000.0,6.0,True,150.0,0.0,,,1549,2427
1268,occ,,,,0.0,,2000.0,6.0,True,150.0,0.25,,,1546,2437
1269,occ,,,,0.25,,2000.0,6.0,True,150.0,0.25,,,1553,2443
1270,occ,,,,0.5,,2000.0,6.0,True,150.0,0.25,,,1548,2433
1271,occ,,,,1.0,,2000.0,6.0,True,150.0,0.25,,,1559,2429
1272,occ,,,,0.0,,2000.0,6.0,True,150.0,0.5,,,1543,2429
1273,occ,,,,0.25,,2000.0,6.0,True,150.0,0.5,,,1556,2441
1274,occ,,,,0.5,,2000.0,6.0,True,150.0,0.5,,,1549,2433
1275,occ,,,,1.0,,2000.0,6.0,True,150.0,0.5,,,1553,2426
1276,occ,,,,0.0,,2000.0,6.0,True,150.0,1.0,,,1548,2441
1277,occ,,,,0.25,,2000.0,6.0,True,150.0,1.0,,,1568,2454
1278,occ,,,,0.5,,2000.0,6.0,True,150.0,1.0,,,1563,2439
1279,occ,,,,1.0,,2000.0,6.0,True,150.0,1.0,,,1552,2435
1280,occ,,,,0.0,,2000.0,6.0,True,300.0,0.0,,,1534,2428
1281,occ,,,,0.25,,2000.0,6.0,True,300.0,0.0,,,1545,2430
1282,occ,,,,0.5,,2000.0,6.0,True,300.0,0.0,,,1544,2427
1283,occ,,,,1.0,,2000.0,6.0,True,300.0,0.0,,,1549,2427
1284,occ,,,,0.0,,2000.0,6.0,True,300.0,0.25,,,1544,2432
1285,occ,,,,0.25,,2000.0,6.0,True,300.0,0.25,,,1547,2433
1286,occ,,,,0.5,,2000.0,6.0,True,300.0,0.25,,,1548,2430
1287,occ,,,,1.0,,2000.0,6.0,True,300.0,0.25,,,1558,2432
1288,occ,,,,0.0,,2000.0,6.0,True,300.0,0.5,,,1546,2429
1289,occ,,,,0.25,,2000.0,6.0,True,300.0,0.5,,,1546,2431
1290,occ,,,,0.5,,2000.0,6.0,True,300.0,0.5,,,1551,2435
1291,occ,,,,1.0,,2000.0,6.0,True,300.0,0.5,,,1556,2428
1292,occ,,,,0.0,,2000.0,6.0,True,300.0,1.0,,,1553,2438
1293,occ,,,,0.25,,2000.0,6.0,True,300.0,1.0,,,1560,2445
1294,occ,,,,0.5,,2000.0,6.0,True,300.0,1.0,,,1562,2438
1295,occ,,,,1.0,,2000.0,6.0,True,300.0,1.0,,,1554,2436
1296,occ,,,,0.0,,2000.0,6.0,False,75.0,0.0,,,1534,2428
1297,occ,,,,0.25,,2000.0,6.0,False,75.0,0.0,,,1545,2430
1298,occ,,,,0.5,,2000.0,6.0,False,75.0,0.0,,,1544,2427
1299,occ,,,,1.0,,2000.0,6.0,False,75.0,0.0,,,1549,2427
1300,occ,,,,0.0,,2000.0,6.0,False,75.0,0.25,,,1545,2433
1301,occ,,,,0.25,,2000.0,6.0,False,75.0,0.25,,,1555,2439
1302,occ,,,,0.5,,2000.0,6.0,False,75.0,0.25,,,1548,2434
1303,occ,,,,1.0,,2000.0,6.0,False,75.0,0.25,,,1561,2431
1304,occ,,,,0.0,,2000.0,6.0,False,75.0,0.5,,,1549,2434
1305,occ,,,,0.25,,2000.0,6.0,False,75.0,0.5,,,1551,2440
1306,occ,,,,0.5,,2000.0,6.0,False,75.0,0.5,,,1558,2439
1307,occ,,,,1.0,,2000.0,6.0,False,75.0,0.5,,,1561,2433
1308,occ,,,,0.0,,2000.0,6.0,False,75.0,1.0,,,1554,2437
1309,occ,,,,0.25,,2000.0,6.0,False,75.0,1.0,,,1558,2442
1310,occ,,,,0.5,,2000.0,6.0,False,75.0,1.0,,,1560,2439
1311,occ,,,,1.0,,2000.0,6.0,False,75.0,1.0,,,1558,2433
1312,occ,,,,0.0,,2000.0,6.0,False,150.0,0.0,,,1534,2428
1313,occ,,,,0.25,,2000.0,6.0,False,150.0,0.0,,,1545,2430
1314,occ,,,,0.5,,2000.0,6.0,False,150.0,0.0,,,1544,2427
1315,occ,,,,1.0,,2000.0,6.0,False,150.0,0.0,,,1549,2427
1316,occ,,,,0.0,,2000.0,6.0,False,150.0,0.25,,,1546,2437
1317,occ,,,,0.25,,2000.0,6.0,False,150.0,0.25,,,1553,2443
1318,occ,,,,0.5,,2000.0,6.0,False,150.0,0.25,,,1548,2433
1319,occ,,,,1.0,,2000.0,6.0,False,150.0,0.25,,,1559,2429
1320,occ,,,,0.0,,2000.0,6.0,False,150.0,0.5,,,1543,2429
1321,occ,,,,0.25,,2000.0,6.0,False,150.0,0.5,,,1556,2441
1322,occ,,,,0.5,,2000.0,6.0,False,150.0,0.5,,,1549,2433
1323,occ,,,,1.0,,2000.0,6.0,False,150.0,0.5,,,1553,2426
1324,occ,,,,0.0,,2000.0,6.0,False,150.0,1.0,,,1548,2441
1325,occ,,,,0.25,,2000.0,6.0,False,150.0,1.0,,,1568,2454
1326,occ,,,,0.5,,2000.0,6.0,False,150.0,1.0,,,1563,2439
1327,occ,,,,1.0,,2000.0,6.0,False,150.0,1.0,,,1552,2435
1328,occ,,,,0.0,,2000.0,6.0,False,300.0,0.0,,,1534,2428
1329,occ,,,,0.25,,2000.0,6.0,False,300.0,0.0,,,1545,2430
1330,occ,,,,0.5,,2000.0,6.0,False,300.0,0.0,,,1544,2427
1331,occ,,,,1.0,,2000.0,6.0,False,300.0,0.0,,,1549,2427
1332,occ,,,,0.0,,2000.0,6.0,False,300.0,0.25,,,1544,2432
1333,occ,,,,0.25,,2000.0,6.0,False,300.0,0.25,,,1547,2433
1334,occ,,,,0.5,,2000.0,6.0,False,300.0,0.25,,,1548,2430
1335,occ,,,,1.0,,2000.0,6.0,False,300.0,0.25,,,1558,2432
1336,occ,,,,0.0,,2000.0,6.0,False,300.0,0.5,,,1546,2429
1337,occ,,,,0.25,,2000.0,6.0,False,300.0,0.5,,,1546,2431
1338,occ,,,,0.5,,2000.0,6.0,False,300.0,0.5,,,1551,2435
1339,occ,,,,1.0,,2000.0,6.0,False,300.0,0.5,,,1556,2428
1340,occ,,,,0.0,,2000.0,6.0,False,300.0,1.0,,,1553,2438
1341,occ,,,,0.25,,2000.0,6.0,False,300.0,1.0,,,1560,2445
1342,occ,,,,0.5,,2000.0,6.0,False,300.0,1.0,,,1562,2438
1343,occ,,,,1.0,,2000.0,6.0,False,300.0,1.0,,,1554,2436
1344,occ,,,,0.0,,2000.0,50.0,True,75.0,0.0,,,1534,2428
1345,occ,,,,0.25,,2000.0,50.0,True,75.0,0.0,,,1545,2430
1346,occ,,,,0.5,,2000.0,50.0,True,75.0,0.0,,,1544,2427
1347,occ,,,,1.0,,2000.0,50.0,True,75.0,0.0,,,1549,2427
1348,occ,,,,0.0,,2000.0,50.0,True,75.0,0.25,,,1545,2433
1349,occ,,,,0.25,,2000.0,50.0,True,75.0,0.25,,,1555,2439
1350,occ,,,,0.5,,2000.0,50.0,True,75.0,0.25,,,1548,2434
1351,occ,,,,1.0,,2000.0,50.0,True,75.0,0.25,,,1561,2431
1352,occ,,,,0.0,,2000.0,50.0,True,75.0,0.5,,,1549,2434
1353,occ,,,,0.25,,2000.0,50.0,True,75.0,0.5,,,1551,2440
1354,occ,,,,0.5,,2000.0,50.0,True,75.0,0.5,,,1558,2439
1355,occ,,,,1.0,,2000.0,50.0,True,75.0,0.5,,,1561,2433
1356,occ,,,,0.0,,2000.0,50.0,True,75.0,1.0,,,1554,2437
1357,occ,,,,0.25,,2000.0,50.0,True,75.0,1.0,,,1558,2442
1358,occ,,,,0.5,,2000.0,50.0,True,75.0,1.0,,,1560,2439
1359,occ,,,,1.0,,2000.0,50.0,True,75.0,1.0,,,1558,2433
1360,occ,,,,0.0,,2000.0,50.0,True,150.0,0.0,,,1534,2428
1361,occ,,,,0.25,,2000.0,50.0,True,150.0,0.0,,,1545,2430
1362,occ,,,,0.5,,2000.0,50.0,True,150.0,0.0,,,1544,2427
1363,occ,,,,1.0,,2000.0,50.0,True,150.0,0.0,,,1549,2427
1364,occ,,,,0.0,,2000.0,50.0,True,150.0,0.25,,,1546,2437
1365,occ,,,,0.25,,2000.0,50.0,True,150.0,0.25,,,1553,2443
1366,occ,,,,0.5,,2000.0,50.0,True,150.0,0.25,,,1548,2433
1367,occ,,,,1.0,,2000.0,50.0,True,150.0,0.25,,,1559,2429
1368,occ,,,,0.0,,2000.0,50.0,True,150.0,0.5,,,1543,2429
1369,occ,,,,0.25,,2000.0,50.0,True,150.0,0.5,,,1556,2441
1370,occ,,,,0.5,,2000.0,50.0,True,150.0,0.5,,,1549,2433
1371,occ,,,,1.0,,2000.0,50.0,True,150.0,0.5,,,1553,2426
1372,occ,,,,0.0,,2000.0,50.0,True,150.0,1.0,,,1548,2441
1373,occ,,,,0.25,,2000.0,50.0,True,150.0,1.0,,,1568,2454
1374,occ,,,,0.5,,2000.0,50.0,True,150.0,1.0,,,1563,2439
1375,occ,,,,1.0,,2000.0,50.0,True,150.0,1.0,,,1552,2435
1376,occ,,,,0.0,,2000.0,50.0,True,300.0,0.0,,,1534,2428
1377,occ,,,,0.25,,2000.0,50.0,True,300.0,0.0,,,1545,2430
1378,occ,,,,0.5,,2000.0,50.0,True,300.0,0.0,,,1544,2427
1379,occ,,,,1.0,,2000.0,50.0,True,300.0,0.0,,,1549,2427
1380,occ,,,,0.0,,2000.0,50.0,True,300.0,0.25,,,1544,2432
1381,occ,,,,0.25,,2000.0,50.0,True,300.0,0.25,,,1547,2433
1382,occ,,,,0.5,,2000.0,50.0,True,300.0,0.25,,,1548,2430
1383,occ,,,,1.0,,2000.0,50.0,True,300.0,0.25,,,1558,2432
1384,occ,,,,0.0,,2000.0,50.0,True,300.0,0.5,,,1546,2429
1385,occ,,,,0.25,,2000.0,50.0,True,300.0,0.5,,,1546,2431
1386,occ,,,,0.5,,2000.0,50.0,True,300.0,0.5,,,1551,2435
1387,occ,,,,1.0,,2000.0,50.0,True,300.0,0.5,,,1556,2428
1388,occ,,,,0.0,,2000.0,50.0,True,300.0,1.0,,,1553,2438
1389,occ,,,,0.25,,2000.0,50.0,True,300.0,1.0,,,1560,2445
1390,occ,,,,0.5,,2000.0,50.0,True,300.0,1.0,,,1562,2438
1391,occ,,,,1.0,,2000.0,50.0,True,300.0,1.0,,,1554,2436
1392,occ,,,,0.0,,2000.0,50.0,False,75.0,0.0,,,1534,2428
1393,occ,,,,0.25,,2000.0,50.0,False,75.0,0.0,,,1545,2430
1394,occ,,,,0.5,,2000.0,50.0,False,75.0,0.0,,,1544,2427
1395,occ,,,,1.0,,2000.0,50.0,False,75.0,0.0,,,1549,2427
1396,occ,,,,0.0,,2000.0,50.0,False,75.0,0.25,,,1545,2433
1397,occ,,,,0.25,,2000.0,50.0,False,75.0,0.25,,,1555,2439
1398,occ,,,,0.5,,2000.0,50.0,False,75.0,0.25,,,1548,2434
1399,occ,,,,1.0,,2000.0,50.0,False,75.0,0.25,,,1561,2431
1400,occ,,,,0.0,,2000.0,50.0,False,75.0,0.5,,,1549,2434
1401,occ,,,,0.25,,2000.0,50.0,False,75.0,0.5,,,1551,2440
1402,occ,,,,0.5,,2000.0,50.0,False,75.0,0.5,,,1558,2439
1403,occ,,,,1.0,,2000.0,50.0,False,75.0,0.5,,,1561,2433
1404,occ,,,,0.0,,2000.0,50.0,False,75.0,1.0,,,1554,2437
1405,occ,,,,0.25,,2000.0,50.0,False,75.0,1.0,,,1558,2442
1406,occ,,,,0.5,,2000.0,50.0,False,75.0,1.0,,,1560,2439
1407,occ,,,,1.0,,2000.0,50.0,False,75.0,1.0,,,1558,2433
1408,occ,,,,0.0,,2000.0,50.0,False,150.0,0.0,,,1534,2428
1409,occ,,,,0.25,,2000.0,50.0,False,150.0,0.0,,,1545,2430
1410,occ,,,,0.5,,2000.0,50.0,False,150.0,0.0,,,1544,2427
1411,occ,,,,1.0,,2000.0,50.0,False,150.0,0.0,,,1549,2427
1412,occ,,,,0.0,,2000.0,50.0,False,150.0,0.25,,,1546,2437
1413,occ,,,,0.25,,2000.0,50.0,False,150.0,0.25,,,1553,2443
1414,occ,,,,0.5,,2000.0,50.0,False,150.0,0.25,,,1548,2433
1415,occ,,,,1.0,,2000.0,50.0,False,150.0,0.25,,,1559,2429
1416,occ,,,,0.0,,2000.0,50.0,False,150.0,0.5,,,1543,2429
1417,occ,,,,0.25,,2000.0,50.0,False,150.0,0.5,,,1556,2441
1418,occ,,,,0.5,,2000.0,50.0,False,150.0,0.5,,,1549,2433
1419,occ,,,,1.0,,2000.0,50.0,False,150.0,0.5,,,1553,2426
1420,occ,,,,0.0,,2000.0,50.0,False,150.0,1.0,,,1548,2441
1421,occ,,,,0.25,,2000.0,50.0,False,150.0,1.0,,,1568,2454
1422,occ,,,,0.5,,2000.0,50.0,False,150.0,1.0,,,1563,2439
1423,occ,,,,1.0,,2000.0,50.0,False,150.0,1.0,,,1552,2435
1424,occ,,,,0.0,,2000.0,50.0,False,300.0,0.0,,,1534,2428
1425,occ,,,,0.25,,2000.0,50.0,False,300.0,0.0,,,1545,2430
1426,occ,,,,0.5,,2000.0,50.0,False,300.0,0.0,,,1544,2427
1427,occ,,,,1.0,,2000.0,50.0,False,300.0,0.0,,,1549,2427
1428,occ,,,,0.0,,2000.0,50.0,False,300.0,0.25,,,1544,2432
1429,occ,,,,0.25,,2000.0,50.0,False,300.0,0.25,,,1547,2433
1430,occ,,,,0.5,,2000.0,50.0,False,300.0,0.25,,,1548,2430
1431,occ,,,,1.0,,2000.0,50.0,False,300.0,0.25,,,1558,2432
1432,occ,,,,0.0,,2000.0,50.0,False,300.0,0.5,,,1546,2429
1433,occ,,,,0.25,,2000.0,50.0,False,300.0,0.5,,,1546,2431
1434,occ,,,,0.5,,2000.0,50.0,False,300.0,0.5,,,1551,2435
1435,occ,,,,1.0,,2000.0,50.0,False,300.0,0.5,,,1556,2428
1436,occ,,,,0.0,,2000.0,50.0,False,300.0,1.0,,,1553,2438
1437,occ,,,,0.25,,2000.0,50.0,False,300.0,1.0,,,1560,2445
1438,occ,,,,0.5,,2000.0,50.0,False,300.0,1.0,,,1562,2438
1439,occ,,,,1.0,,2000.0,50.0,False,300.0,1.0,,,1554,2436
1440,dna+occ,150.0,20.0,,0.0,log 20,1500.0,0.0,True,150.0,0.0,0.0,dna,1526,2422
1441,dna+occ,150.0,20.0,,0.25,log 20,1500.0,0.0,True,150.0,0.0,0.0,dna,1557,2436
1442,dna+occ,150.0,20.0,,0.5,log 20,1500.0,0.0,True,150.0,0.0,0.0,dna,1574,2443
1443,dna+occ,150.0,20.0,,1.0,log 20,1500.0,0.0,True,150.0,0.0,0.0,dna,1590,2443
1444,dna+occ,150.0,20.0,,0.0,log 20,1500.0,0.0,True,150.0,0.0,0.0,occ,1526,2422
1445,dna+occ,150.0,20.0,,0.25,log 20,1500.0,0.0,True,150.0,0.0,0.0,occ,1539,2427
1446,dna+occ,150.0,20.0,,0.5,log 20,1500.0,0.0,True,150.0,0.0,0.0,occ,1539,2423
1447,dna+occ,150.0,20.0,,1.0,log 20,1500.0,0.0,True,150.0,0.0,0.0,occ,1542,2422
1448,dna+occ,150.0,20.0,,0.0,log 20,1500.0,0.0,True,150.0,0.0,0.25,dna,1582,2444
1449,dna+occ,150.0,20.0,,0.25,log 20,1500.0,0.0,True,150.0,0.0,0.25,dna,1594,2449
1450,dna+occ,150.0,20.0,,0.5,log 20,1500.0,0.0,True,150.0,0.0,0.25,dna,1601,2451
1451,dna+occ,150.0,20.0,,1.0,log 20,1500.0,0.0,True,150.0,0.0,0.25,dna,1616,2453
1452,dna+occ,150.0,20.0,,0.0,log 20,1500.0,0.0,True,150.0,0.0,0.25,occ,1582,2444
1453,dna+occ,150.0,20.0,,0.25,log 20,1500.0,0.0,True,150.0,0.0,0.25,occ,1594,2450
1454,dna+occ,150.0,20.0,,0.5,log 20,1500.0,0.0,True,150.0,0.0,0.25,occ,1597,2447
1455,dna+occ,150.0,20.0,,1.0,log 20,1500.0,0.0,True,150.0,0.0,0.25,occ,1582,2440
1456,dna+occ,150.0,20.0,,0.0,log 20,1500.0,0.0,True,150.0,0.0,0.5,dna,1593,2449
1457,dna+occ,150.0,20.0,,0.25,log 20,1500.0,0.0,True,150.0,0.0,0.5,dna,1614,2455
1458,dna+occ,150.0,20.0,,0.5,log 20,1500.0,0.0,True,150.0,0.0,0.5,dna,1618,2457
1459,dna+occ,150.0,20.0,,1.0,log 20,1500.0,0.0,True,150.0,0.0,0.5,dna,1617,2457
1460,dna+occ,150.0,20.0,,0.0,log 20,1500.0,0.0,True,150.0,0.0,0.5,occ,1593,2449
1461,dna+occ,150.0,20.0,,0.25,log 20,1500.0,0.0,True,150.0,0.0,0.5,occ,1604,2449
1462,dna+occ,150.0,20.0,,0.5,log 20,1500.0,0.0,True,150.0,0.0,0.5,occ,1612,2453
1463,dna+occ,150.0,20.0,,1.0,log 20,1500.0,0.0,True,150.0,0.0,0.5,occ,1590,2446
1464,dna+occ,150.0,20.0,,0.0,log 20,1500.0,0.0,True,150.0,0.0,1.0,dna,1583,2435
1465,dna+occ,150.0,20.0,,0.25,log 20,1500.0,0.0,True,150.0,0.0,1.0,dna,1591,2443
1466,dna+occ,150.0,20.0,,0.5,log 20,1500.0,0.0,True,150.0,0.0,1.0,dna,1591,2439
1467,dna+occ,150.0,20.0,,1.0,log 20,1500.0,0.0,True,150.0,0.0,1.0,dna,1600,2451
1468,dna+occ,150.0,20.0,,0.0,log 20,1500.0,0.0,True,150.0,0.0,1.0,occ,1583,2435
1469,dna+occ,150.0,20.0,,0.25,log 20,1500.0,0.0,True,150.0,0.0,1.0,occ,1587,2437
1470,dna+occ,150.0,20.0,,0.5,log 20,1500.0,0.0,True,150.0,0.0,1.0,occ,1594,2441
1471,dna+occ,150.0,20.0,,1.0,log 20,1500.0,0.0,True,150.0,0.0,1.0,occ,1588,2442
1472,dna+occ,150.0,20.0,,0.0,log 20,1500.0,0.0,True,150.0,0.25,0.0,dna,1541,2434
1473,dna+occ,150.0,20.0,,0.25,log 20,1500.0,0.0,True,150.0,0.25,0.0,dna,1574,2446
1474,dna+occ,150.0,20.0,,0.5,log 20,1500.0,0.0,True,150.0,0.25,0.0,dna,1584,2443
1475,dna+occ,150.0,20.0,,1.0,log 20,1500.0,0.0,True,150.0,0.25,0.0,dna,1596,2443
1476,dna+occ,150.0,20.0,,0.0,log 20,1500.0,0.0,True,150.0,0.25,0.0,occ,1541,2434
1477,dna+occ,150.0,20.0,,0.25,log 20,1500.0,0.0,True,150.0,0.25,0.0,occ,1548,2439
1478,dna+occ,150.0,20.0,,0.5,log 20,1500.0,0.0,True,150.0,0.25,0.0,occ,1544,2429
1479,dna+occ,150.0,20.0,,1.0,log 20,1500.0,0.0,True,150.0,0.25,0.0,occ,1552,2424
1480,dna+occ,150.0,20.0,,0.0,log 20,1500.0,0.0,True,150.0,0.25,0.25,dna,1593,2443
1481,dna+occ,150.0,20.0,,0.25,log 20,1500.0,0.0,True,150.0,0.25,0.25,dna,1597,2446
1482,dna+occ,150.0,20.0,,0.5,log 20,1500.0,0.0,True,150.0,0.25,0.25,dna,1616,2450
1483,dna+occ,150.0,20.0,,1.0,log 20,1500.0,0.0,True,150.0,0.25,0.25,dna,1615,2453
1484,dna+occ,150.0,20.0,,0.0,log 20,1500.0,0.0,True,150.0,0.25,0.25,occ,1593,2443
1485,dna+occ,150.0,20.0,,0.25,log 20,1500.0,0.0,True,150.0,0.25,0.25,occ,1592,2444
1486,dna+occ,150.0,20.0,,0.5,log 20,1500.0,0.0,True,150.0,0.25,0.25,occ,1595,2450
1487,dna+occ,150.0,20.0,,1.0,log 20,1500.0,0.0,True,150.0,0.25,0.25,occ,1590,2446
1488,dna+occ,150.0,20.0,,0.0,log 20,1500.0,0.0,True,150.0,0.25,0.5,dna,1602,2456
1489,dna+occ,150.0,20.0,,0.25,log 20,1500.0,0.0,True,150.0,0.25,0.5,dna,1611,2459
1490,dna+occ,150.0,20.0,,0.5,log 20,1500.0,0.0,True,150.0,0.25,0.5,dna,1620,2458
1491,dna+occ,150.0,20.0,,1.0,log 20,1500.0,0.0,True,150.0,0.25,0.5,dna,1613,2450
1492,dna+occ,150.0,20.0,,0.0,log 20,1500.0,0.0,True,150.0,0.25,0.5,occ,1602,2456
1493,dna+occ,150.0,20.0,,0.25,log 20,1500.0,0.0,True,150.0,0.25,0.5,occ,1605,2456
1494,dna+occ,150.0,20.0,,0.5,log 20,1500.0,0.0,True,150.0,0.25,0.5,occ,1601,2452
1495,dna+occ,150.0,20.0,,1.0,log 20,1500.0,0.0,True,150.0,0.25,0.5,occ,1598,2452
1496,dna+occ,150.0,20.0,,0.0,log 20,1500.0,0.0,True,150.0,0.25,1.0,dna,1570,2431
1497,dna+occ,150.0,20.0,,0.25,log 20,1500.0,0.0,True,150.0,0.25,1.0,dna,1584,2438
1498,dna+occ,150.0,20.0,,0.5,log 20,1500.0,0.0,True,150.0,0.25,1.0,dna,1584,2435
1499,dna+occ,150.0,20.0,,1.0,log 20,1500.0,0.0,True,150.0,0.25,1.0,dna,1592,2441
1500,dna+occ,150.0,20.0,,0.0,log 20,1500.0,0.0,True,150.0,0.25,1.0,occ,1570,2431
1501,dna+occ,150.0,20.0,,0.25,log 20,1500.0,0.0,True,150.0,0.25,1.0,occ,1579,2439
1502,dna+occ,150.0,20.0,,0.5,log 20,1500.0,0.0,True,150.0,0.25,1.0,occ,1585,2441
1503,dna+occ,150.0,20.0,,1.0,log 20,1500.0,0.0,True,150.0,0.25,1.0,occ,1577,2436
1504,dna+occ,150.0,20.0,,0.0,log 20,1500.0,0.0,True,150.0,0.5,0.0,dna,1538,2425
1505,dna+occ,150.0,20.0,,0.25,log 20,1500.0,0.0,True,150.0,0.5,0.0,dna,1566,2436
1506,dna+occ,150.0,20.0,,0.5,log 20,1500.0,0.0,True,150.0,0.5,0.0,dna,1584,2436
1507,dna+occ,150.0,20.0,,1.0,log 20,1500.0,0.0,True,150.0,0.5,0.0,dna,1590,2443
1508,dna+occ,150.0,20.0,,0.0,log 20,1500.0,0.0,True,150.0,0.5,0.0,occ,1538,2425
1509,dna+occ,150.0,20.0,,0.25,log 20,1500.0,0.0,True,150.0,0.5,0.0,occ,1551,2437
1510,dna+occ,150.0,20.0,,0.5,log 20,1500.0,0.0,True,150.0,0.5,0.0,occ,1545,2430
1511,dna+occ,150.0,20.0,,1.0,log 20,1500.0,0.0,True,150.0,0.5,0.0,occ,1547,2421
1512,dna+occ,150.0,20.0,,0.0,log 20,1500.0,0.0,True,150.0,0.5,0.25,dna,1589,2443
1513,dna+occ,150.0,20.0,,0.25,log 20,1500.0,0.0,True,150.0,0.5,0.25,dna,1595,2451
1514,dna+occ,150.0,20.0,,0.5,log 20,1500.0,0.0,True,150.0,0.5,0.25,dna,1605,2453
1515,dna+occ,150.0,20.0,,1.0,log 20,1500.0,0.0,True,150.0,0.5,0.25,dna,1608,2454
1516,dna+occ,150.0,20.0,,0.0,log 20,1500.0,0.0,True,150.0,0.5,0.25,occ,1589,2443
1517,dna+occ,150.0,20.0,,0.25,log 20,1500.0,0.0,True,150.0,0.5,0.25,occ,1587,2445
1518,dna+occ,150.0,20.0,,0.5,log 20,1500.0,0.0,True,150.0,0.5,0.25,occ,1579,2443
1519,dna+occ,150.0,20.0,,1.0,log 20,1500.0,0.0,True,150.0,0.5,0.25,occ,1588,2442
1520,dna+occ,150.0,20.0,,0.0,log 20,1500.0,0.0,True,150.0,0.5,0.5,dna,1590,2447
1521,dna+occ,150.0,20.0,,0.25,log 20,1500.0,0.0,True,150.0,0.5,0.5,dna,1606,2457
1522,dna+occ,150.0,20.0,,0.5,log 20,1500.0,0.0,True,150.0,0.5,0.5,dna,1610,2457
1523,dna+occ,150.0,20.0,,1.0,log 20,1500.0,0.0,True,150.0,0.5,0.5,dna,1610,2450
1524,dna+occ,150.0,20.0,,0.0,log 20,1500.0,0.0,True,150.0,0.5,0.5,occ,1590,2447
1525,dna+occ,150.0,20.0,,0.25,log 20,1500.0,0.0,True,150.0,0.5,0.5,occ,1594,2451
1526,dna+occ,150.0,20.0,,0.5,log 20,1500.0,0.0,True,150.0,0.5,0.5,occ,1592,2450
1527,dna+occ,150.0,20.0,,1.0,log 20,1500.0,0.0,True,150.0,0.5,0.5,occ,1593,2447
1528,dna+occ,150.0,20.0,,0.0,log 20,1500.0,0.0,True,150.0,0.5,1.0,dna,1559,2428
1529,dna+occ,150.0,20.0,,0.25,log 20,1500.0,0.0,True,150.0,0.5,1.0,dna,1578,2438
1530,dna+occ,150.0,20.0,,0.5,log 20,1500.0,0.0,True,150.0,0.5,1.0,dna,1581,2446
1531,dna+occ,150.0,20.0,,1.0,log 20,1500.0,0.0,True,150.0,0.5,1.0,dna,1584,2444
1532,dna+occ,150.0,20.0,,0.0,log 20,1500.0,0.0,True,150.0,0.5,1.0,occ,1559,2428
1533,dna+occ,150.0,20.0,,0.25,log 20,1500.0,0.0,True,150.0,0.5,1.0,occ,1566,2429
1534,dna+occ,150.0,20.0,,0.5,log 20,1500.0,0.0,True,150.0,0.5,1.0,occ,1575,2434
1535,dna+occ,150.0,20.0,,1.0,log 20,1500.0,0.0,True,150.0,0.5,1.0,occ,1572,2434
1536,dna+occ,150.0,20.0,,0.0,log 20,1500.0,2.0,True,150.0,0.0,0.0,dna,1536,2427
1537,dna+occ,150.0,20.0,,0.25,log 20,1500.0,2.0,True,150.0,0.0,0.0,dna,1562,2438
1538,dna+occ,150.0,20.0,,0.5,log 20,1500.0,2.0,True,150.0,0.0,0.0,dna,1580,2446
1539,dna+occ,150.0,20.0,,1.0,log 20,1500.0,2.0,True,150.0,0.0,0.0,dna,1595,2444
1540,dna+occ,150.0,20.0,,0.0,log 20,1500.0,2.0,True,150.0,0.0,0.0,occ,1536,2427
1541,dna+occ,150.0,20.0,,0.25,log 20,1500.0,2.0,True,150.0,0.0,0.0,occ,1547,2430
1542,dna+occ,150.0,20.0,,0.5,log 20,1500.0,2.0,True,150.0,0.0,0.0,occ,1546,2427
1543,dna+occ,150.0,20.0,,1.0,log 20,1500.0,2.0,True,150.0,0.0,0.0,occ,1552,2428
1544,dna+occ,150.0,20.0,,0.0,log 20,1500.0,2.0,True,150.0,0.0,0.25,dna,1582,2446
1545,dna+occ,150.0,20.0,,0.25,log 20,1500.0,2.0,True,150.0,0.0,0.25,dna,1594,2449
1546,dna+occ,150.0,20.0,,0.5,log 20,1500.0,2.0,True,150.0,0.0,0.25,dna,1602,2451
1547,dna+occ,150.0,20.0,,1.0,log 20,1500.0,2.0,True,150.0,0.0,0.25,dna,1619,2455
1548,dna+occ,150.0,20.0,,0.0,log 20,1500.0,2.0,True,150.0,0.0,0.25,occ,1582,2446
1549,dna+occ,150.0,20.0,,0.25,log 20,1500.0,2.0,True,150.0,0.0,0.25,occ,1594,2453
1550,dna+occ,150.0,20.0,,0.5,log 20,1500.0,2.0,True,150.0,0.0,0.25,occ,1598,2450
1551,dna+occ,150.0,20.0,,1.0,log 20,1500.0,2.0,True,150.0,0.0,0.25,occ,1586,2443
1552,dna+occ,150.0,20.0,,0.0,log 20,1500.0,2.0,True,150.0,0.0,0.5,dna,1592,2450
1553,dna+occ,150.0,20.0,,0.25,log 20,1500.0,2.0,True,150.0,0.0,0.5,dna,1614,2456
1554,dna+occ,150.0,20.0,,0.5,log 20,1500.0,2.0,True,150.0,0.0,0.5,dna,1618,2458
1555,dna+occ,150.0,20.0,,1.0,log 20,1500.0,2.0,True,150.0,0.0,0.5,dna,1618,2458
1556,dna+occ,150.0,20.0,,0.0,log 20,1500.0,2.0,True,150.0,0.0,0.5,occ,1592,2450
1557,dna+occ,150.0,20.0,,0.25,log 20,1500.0,2.0,True,150.0,0.0,0.5,occ,1603,2450
1558,dna+occ,150.0,20.0,,0.5,log 20,1500.0,2.0,True,150.0,0.0,0.5,occ,1611,2454
1559,dna+occ,150.0,20.0,,1.0,log 20,1500.0,2.0,True,150.0,0.0,0.5,occ,1590,2446
1560,dna+occ,150.0,20.0,,0.0,log 20,1500.0,2.0,True,150.0,0.0,1.0,dna,1583,2434
1561,dna+occ,150.0,20.0,,0.25,log 20,1500.0,2.0,True,150.0,0.0,1.0,dna,1591,2442
1562,dna+occ,150.0,20.0,,0.5,log 20,1500.0,2.0,True,150.0,0.0,1.0,dna,1591,2438
1563,dna+occ,150.0,20.0,,1.0,log 20,1500.0,2.0,True,150.0,0.0,1.0,dna,1600,2450
1564,dna+occ,150.0,20.0,,0.0,log 20,1500.0,2.0,True,150.0,0.0,1.0,occ,1583,2434
1565,dna+occ,150.0,20.0,,0.25,log 20,1500.0,2.0,True,150.0,0.0,1.0,occ,1587,2436
1566,dna+occ,150.0,20.0,,0.5,log 20,1500.0,2.0,True,150.0,0.0,1.0,occ,1594,2440
1567,dna+occ,150.0,20.0,,1.0,log 20,1500.0,2.0,True,150.0,0.0,1.0,occ,1588,2441
1568,dna+occ,150.0,20.0,,0.0,log 20,1500.0,2.0,True,150.0,0.25,0.0,dna,1549,2437
1569,dna+occ,150.0,20.0,,0.25,log 20,1500.0,2.0,True,150.0,0.25,0.0,dna,1578,2447
1570,dna+occ,150.0,20.0,,0.5,log 20,1500.0,2.0,True,150.0,0.25,0.0,dna,1589,2444
1571,dna+occ,150.0,20.0,,1.0,log 20,1500.0,2.0,True,150.0,0.25,0.0,dna,1602,2445
1572,dna+occ,150.0,20.0,,0.0,log 20,1500.0,2.0,True,150.0,0.25,0.0,occ,1549,2437
1573,dna+occ,150.0,20.0,,0.25,log 20,1500.0,2.0,True,150.0,0.25,0.0,occ,1556,2443
1574,dna+occ,150.0,20.0,,0.5,log 20,1500.0,2.0,True,150.0,0.25,0.0,occ,1551,2433
1575,dna+occ,150.0,20.0,,1.0,log 20,1500.0,2.0,True,150.0,0.25,0.0,occ,1563,2430
1576,dna+occ,150.0,20.0,,0.0,log 20,1500.0,2.0,True,150.0,0.25,0.25,dna,1594,2446
1577,dna+occ,150.0,20.0,,0.25,log 20,1500.0,2.0,True,150.0,0.25,0.25,dna,1597,2447
1578,dna+occ,150.0,20.0,,0.5,log 20,1500.0,2.0,True,150.0,0.25,0.25,dna,1616,2450
1579,dna+occ,150.0,20.0,,1.0,log 20,1500.0,2.0,True,150.0,0.25,0.25,dna,1617,2455
1580,dna+occ,150.0,20.0,,0.0,log 20,1500.0,2.0,True,150.0,0.25,0.25,occ,1594,2446
1581,dna+occ,150.0,20.0,,0.25,log 20,1500.0,2.0,True,150.0,0.25,0.25,occ,1594,2446
1582,dna+occ,150.0,20.0,,0.5,log 20,1500.0,2.0,True,150.0,0.25,0.25,occ,1596,2452
1583,dna+occ,150.0,20.0,,1.0,log 20,1500.0,2.0,True,150.0,0.25,0.25,occ,1591,2448
1584,dna+occ,150.0,20.0,,0.0,log 20,1500.0,2.0,True,150.0,0.25,0.5,dna,1601,2456
1585,dna+occ,150.0,20.0,,0.25,log 20,1500.0,2.0,True,150.0,0.25,0.5,dna,1611,2459
1586,dna+occ,150.0,20.0,,0.5,log 20,1500.0,2.0,True,150.0,0.25,0.5,dna,1620,2458
1587,dna+occ,150.0,20.0,,1.0,log 20,1500.0,2.0,True,150.0,0.25,0.5,dna,1614,2452
1588,dna+occ,150.0,20.0,,0.0,log 20,1500.0,2.0,True,150.0,0.25,0.5,occ,1601,2456
1589,dna+occ,150.0,20.0,,0.25,log 20,1500.0,2.0,True,150.0,0.25,0.5,occ,1605,2456
1590,dna+occ,150.0,20.0,,0.5,log 20,1500.0,2.0,True,150.0,0.25,0.5,occ,1601,2452
1591,dna+occ,150.0,20.0,,1.0,log 20,1500.0,2.0,True,150.0,0.25,0.5,occ,1598,2453
1592,dna+occ,150.0,20.0,,0.0,log 20,1500.0,2.0,True,150.0,0.25,1.0,dna,1570,2430
1593,dna+occ,150.0,20.0,,0.25,log 20,1500.0,2.0,True,150.0,0.25,1.0,dna,1584,2437
1594,dna+occ,150.0,20.0,,0.5,log 20,1500.0,2.0,True,150.0,0.25,1.0,dna,1584,2434
1595,dna+occ,150.0,20.0,,1.0,log 20,1500.0,2.0,True,150.0,0.25,1.0,dna,1592,2440
1596,dna+occ,150.0,20.0,,0.0,log 20,1500.0,2.0,True,150.0,0.25,1.0,occ,1570,2430
1597,dna+occ,150.0,20.0,,0.25,log 20,1500.0,2.0,True,150.0,0.25,1.0,occ,1579,2438
1598,dna+occ,150.0,20.0,,0.5,log 20,1500.0,2.0,True,150.0,0.25,1.0,occ,1585,2440
1599,dna+occ,150.0,20.0,,1.0,log 20,1500.0,2.0,True,150.0,0.25,1.0,occ,1577,2436
1600,dna+occ,150.0,20.0,,0.0,log 20,1500.0,2.0,True,150.0,0.5,0.0,dna,1547,2429
1601,dna+occ,150.0,20.0,,0.25,log 20,1500.0,2.0,True,150.0,0.5,0.0,dna,1570,2438
1602,dna+occ,150.0,20.0,,0.5,log 20,1500.0,2.0,True,150.0,0.5,0.0,dna,1589,2436
1603,dna+occ,150.0,20.0,,1.0,log 20,1500.0,2.0,True,150.0,0.5,0.0,dna,1595,2444
1604,dna+occ,150.0,20.0,,0.0,log 20,1500.0,2.0,True,150.0,0.5,0.0,occ,1547,2429
1605,dna+occ,150.0,20.0,,0.25,log 20,1500.0,2.0,True,150.0,0.5,0.0,occ,1559,2440
1606,dna+occ,150.0,20.0,,0.5,log 20,1500.0,2.0,True,150.0,0.5,0.0,occ,1552,2432
1607,dna+occ,150.0,20.0,,1.0,log 20,1500.0,2.0,True,150.0,0.5,0.0,occ,1557,2426
1608,dna+occ,150.0,20.0,,0.0,log 20,1500.0,2.0,True,150.0,0.5,0.25,dna,1589,2445
1609,dna+occ,150.0,20.0,,0.25,log 20,1500.0,2.0,True,150.0,0.5,0.25,dna,1595,2452
1610,dna+occ,150.0,20.0,,0.5,log 20,1500.0,2.0,True,150.0,0.5,0.25,dna,1605,2454
1611,dna+occ,150.0,20.0,,1.0,log 20,1500.0,2.0,True,150.0,0.5,0.25,dna,1609,2455
1612,dna+occ,150.0,20.0,,0.0,log 20,1500.0,2.0,True,150.0,0.5,0.25,occ,1589,2445
1613,dna+occ,150.0,20.0,,0.25,log 20,1500.0,2.0,True,150.0,0.5,0.25,occ,1587,2447
1614,dna+occ,150.0,20.0,,0.5,log 20,1500.0,2.0,True,150.0,0.5,0.25,occ,1580,2445
1615,dna+occ,150.0,20.0,,1.0,log 20,1500.0,2.0,True,150.0,0.5,0.25,occ,1588,2443
1616,dna+occ,150.0,20.0,,0.0,log 20,1500.0,2.0,True,150.0,0.5,0.5,dna,1590,2447
1617,dna+occ,150.0,20.0,,0.25,log 20,1500.0,2.0,True,150.0,0.5,0.5,dna,1606,2457
1618,dna+occ,150.0,20.0,,0.5,log 20,1500.0,2.0,True,150.0,0.5,0.5,dna,1610,2457
1619,dna+occ,150.0,20.0,,1.0,log 20,1500.0,2.0,True,150.0,0.5,0.5,dna,1610,2450
1620,dna+occ,150.0,20.0,,0.0,log 20,1500.0,2.0,True,150.0,0.5,0.5,occ,1590,2447
1621,dna+occ,150.0,20.0,,0.25,log 20,1500.0,2.0,True,150.0,0.5,0.5,occ,1594,2451
1622,dna+occ,150.0,20.0,,0.5,log 20,1500.0,2.0,True,150.0,0.5,0.5,occ,1592,2450
1623,dna+occ,150.0,20.0,,1.0,log 20,1500.0,2.0,True,150.0,0.5,0.5,occ,1593,2447
1624,dna+occ,150.0,20.0,,0.0,log 20,1500.0,2.0,True,150.0,0.5,1.0,dna,1559,2427
1625,dna+occ,150.0,20.0,,0.25,log 20,1500.0,2.0,True,150.0,0.5,1.0,dna,1578,2437
1626,dna+occ,150.0,20.0,,0.5,log 20,1500.0,2.0,True,150.0,0.5,1.0,dna,1581,2445
1627,dna+occ,150.0,20.0,,1.0,log 20,1500.0,2.0,True,150.0,0.5,1.0,dna,1584,2443
1628,dna+occ,150.0,20.0,,0.0,log 20,1500.0,2.0,True,150.0,0.5,1.0,occ,1559,2427
1629,dna+occ,150.0,20.0,,0.25,log 20,1500.0,2.0,True,150.0,0.5,1.0,occ,1566,2428
1630,dna+occ,150.0,20.0,,0.5,log 20,1500.0,2.0,True,150.0,0.5,1.0,occ,1575,2433
1631,dna+occ,150.0,20.0,,1.0,log 20,1500.0,2.0,True,150.0,0.5,1.0,occ,1572,2434
1632,dna+occ,150.0,20.0,,0.0,log 20,1500.0,6.0,True,150.0,0.0,0.0,dna,1537,2428
1633,dna+occ,150.0,20.0,,0.25,log 20,1500.0,6.0,True,150.0,0.0,0.0,dna,1563,2439
1634,dna+occ,150.0,20.0,,0.5,log 20,1500.0,6.0,True,150.0,0.0,0.0,dna,1581,2447
1635,dna+occ,150.0,20.0,,1.0,log 20,1500.0,6.0,True,150.0,0.0,0.0,dna,1595,2444
1636,dna+occ,150.0,20.0,,0.0,log 20,1500.0,6.0,True,150.0,0.0,0.0,occ,1537,2428
1637,dna+occ,150.0,20.0,,0.25,log 20,1500.0,6.0,True,150.0,0.0,0.0,occ,1548,2430
1638,dna+occ,150.0,20.0,,0.5,log 20,1500.0,6.0,True,150.0,0.0,0.0,occ,1547,2428
1639,dna+occ,150.0,20.0,,1.0,log 20,1500.0,6.0,True,150.0,0.0,0.0,occ,1553,2429
1640,dna+occ,150.0,20.0,,0.0,log 20,1500.0,6.0,True,150.0,0.0,0.25,dna,1582,2446
1641,dna+occ,150.0,20.0,,0.25,log 20,1500.0,6.0,True,150.0,0.0,0.25,dna,1594,2449
1642,dna+occ,150.0,20.0,,0.5,log 20,1500.0,6.0,True,150.0,0.0,0.25,dna,1602,2451
1643,dna+occ,150.0,20.0,,1.0,log 20,1500.0,6.0,True,150.0,0.0,0.25,dna,1619,2455
1644,dna+occ,150.0,20.0,,0.0,log 20,1500.0,6.0,True,150.0,0.0,0.25,occ,1582,2446
1645,dna+occ,150.0,20.0,,0.25,log 20,1500.0,6.0,True,150.0,0.0,0.25,occ,1594,2453
1646,dna+occ,150.0,20.0,,0.5,log 20,1500.0,6.0,True,150.0,0.0,0.25,occ,1598,2450
1647,dna+occ,150.0,20.0,,1.0,log 20,1500.0,6.0,True,150.0,0.0,0.25,occ,1586,2443
1648,dna+occ,150.0,20.0,,0.0,log 20,1500.0,6.0,True,150.0,0.0,0.5,dna,1592,2450
1649,dna+occ,150.0,20.0,,0.25,log 20,1500.0,6.0,True,150.0,0.0,0.5,dna,1614,2456
1650,dna+occ,150.0,20.0,,0.5,log 20,1500.0,6.0,True,150.0,0.0,0.5,dna,1618,2458
1651,dna+occ,150.0,20.0,,1.0,log 20,1500.0,6.0,True,150.0,0.0,0.5,dna,1618,2458
1652,dna+occ,150.0,20.0,,0.0,log 20,1500.0,6.0,True,150.0,0.0,0.5,occ,1592,2450
1653,dna+occ,150.0,20.0,,0.25,log 20,1500.0,6.0,True,150.0,0.0,0.5,occ,1603,2450
1654,dna+occ,150.0,20.0,,0.5,log 20,1500.0,6.0,True,150.0,0.0,0.5,occ,1611,2454
1655,dna+occ,150.0,20.0,,1.0,log 20,1500.0,6.0,True,150.0,0.0,0.5,occ,1590,2446
1656,dna+occ,150.0,20.0,,0.0,log 20,1500.0,6.0,True,150.0,0.0,1.0,dna,1583,2434
1657,dna+occ,150.0,20.0,,0.25,log 20,1500.0,6.0,True,150.0,0.0,1.0,dna,1591,2442
1658,dna+occ,150.0,20.0,,0.5,log 20,1500.0,6.0,True,150.0,0.0,1.0,dna,1591,2438
1659,dna+occ,150.0,20.0,,1.0,log 20,1500.0,6.0,True,150.0,0.0,1.0,dna,1600,2450
1660,dna+occ,150.0,20.0,,0.0,log 20,1500.0,6.0,True,150.0,0.0,1.0,occ,1583,2434
1661,dna+occ,150.0,20.0,,0.25,log 20,1500.0,6.0,True,150.0,0.0,1.0,occ,1587,2436
1662,dna+occ,150.0,20.0,,0.5,log 20,1500.0,6.0,True,150.0,0.0,1.0,occ,1594,2440
1663,dna+occ,150.0,20.0,,1.0,log 20,1500.0,6.0,True,150.0,0.0,1.0,occ,1588,2441
1664,dna+occ,150.0,20.0,,0.0,log 20,1500.0,6.0,True,150.0,0.25,0.0,dna,1549,2437
1665,dna+occ,150.0,20.0,,0.25,log 20,1500.0,6.0,True,150.0,0.25,0.0,dna,1578,2447
1666,dna+occ,150.0,20.0,,0.5,log 20,1500.0,6.0,True,150.0,0.25,0.0,dna,1589,2444
1667,dna+occ,150.0,20.0,,1.0,log 20,1500.0,6.0,True,150.0,0.25,0.0,dna,1602,2445
1668,dna+occ,150.0,20.0,,0.0,log 20,1500.0,6.0,True,150.0,0.25,0.0,occ,1549,2437
1669,dna+occ,150.0,20.0,,0.25,log 20,1500.0,6.0,True,150.0,0.25,0.0,occ,1556,2443
1670,dna+occ,150.0,20.0,,0.5,log 20,1500.0,6.0,True,150.0,0.25,0.0,occ,1551,2433
1671,dna+occ,150.0,20.0,,1.0,log 20,1500.0,6.0,True,150.0,0.25,0.0,occ,1563,2430
1672,dna+occ,150.0,20.0,,0.0,log 20,1500.0,6.0,True,150.0,0.25,0.25,dna,1594,2446
1673,dna+occ,150.0,20.0,,0.25,log 20,1500.0,6.0,True,150.0,0.25,0.25,dna,1597,2447
1674,dna+occ,150.0,20.0,,0.5,log 20,1500.0,6.0,True,150.0,0.25,0.25,dna,1616,2450
1675,dna+occ,150.0,20.0,,1.0,log 20,1500.0,6.0,True,150.0,0.25,0.25,dna,1617,2455
1676,dna+occ,150.0,20.0,,0.0,log 20,1500.0,6.0,True,150.0,0.25,0.25,occ,1594,2446
1677,dna+occ,150.0,20.0,,0.25,log 20,1500.0,6.0,True,150.0,0.25,0.25,occ,1594,2446
1678,dna+occ,150.0,20.0,,0.5,log 20,1500.0,6.0,True,150.0,0.25,0.25,occ,1596,2452
1679,dna+occ,150.0,20.0,,1.0,log 20,1500.0,6.0,True,150.0,0.25,0.25,occ,1591,2448
1680,dna+occ,150.0,20.0,,0.0,log 20,1500.0,6.0,True,150.0,0.25,0.5,dna,1601,2456
1681,dna+occ,150.0,20.0,,0.25,log 20,1500.0,6.0,True,150.0,0.25,0.5,dna,1611,2459
1682,dna+occ,150.0,20.0,,0.5,log 20,1500.0,6.0,True,150.0,0.25,0.5,dna,1620,2458
1683,dna+occ,150.0,20.0,,1.0,log 20,1500.0,6.0,True,150.0,0.25,0.5,dna,1614,2452
1684,dna+occ,150.0,20.0,,0.0,log 20,1500.0,6.0,True,150.0,0.25,0.5,occ,1601,2456
1685,dna+occ,150.0,20.0,,0.25,log 20,1500.0,6.0,True,150.0,0.25,0.5,occ,1605,2456
1686,dna+occ,150.0,20.0,,0.5,log 20,1500.0,6.0,True,150.0,0.25,0.5,occ,1601,2452
1687,dna+occ,150.0,20.0,,1.0,log 20,1500.0,6.0,True,150.0,0.25,0.5,occ,1598,2453
1688,dna+occ,150.0,20.0,,0.0,log 20,1500.0,6.0,True,150.0,0.25,1.0,dna,1570,2430
1689,dna+occ,150.0,20.0,,0.25,log 20,1500.0,6.0,True,150.0,0.25,1.0,dna,1584,2437
1690,dna+occ,150.0,20.0,,0.5,log 20,1500.0,6.0,True,150.0,0.25,1.0,dna,1584,2434
1691,dna+occ,150.0,20.0,,1.0,log 20,1500.0,6.0,True,150.0,0.25,1.0,dna,1592,2440
1692,dna+occ,150.0,20.0,,0.0,log 20,1500.0,6.0,True,150.0,0.25,1.0,occ,1570,2430
1693,dna+occ,150.0,20.0,,0.25,log 20,1500.0,6.0,True,150.0,0.25,1.0,occ,1579,2438
1694,dna+occ,150.0,20.0,,0.5,log 20,1500.0,6.0,True,150.0,0.25,1.0,occ,1585,2440
1695,dna+occ,150.0,20.0,,1.0,log 20,1500.0,6.0,True,150.0,0.25,1.0,occ,1577,2435
1696,dna+occ,150.0,20.0,,0.0,log 20,1500.0,6.0,True,150.0,0.5,0.0,dna,1547,2430
1697,dna+occ,150.0,20.0,,0.25,log 20,1500.0,6.0,True,150.0,0.5,0.0,dna,1570,2439
1698,dna+occ,150.0,20.0,,0.5,log 20,1500.0,6.0,True,150.0,0.5,0.0,dna,1589,2437
1699,dna+occ,150.0,20.0,,1.0,log 20,1500.0,6.0,True,150.0,0.5,0.0,dna,1595,2444
1700,dna+occ,150.0,20.0,,0.0,log 20,1500.0,6.0,True,150.0,0.5,0.0,occ,1547,2430
1701,dna+occ,150.0,20.0,,0.25,log 20,1500.0,6.0,True,150.0,0.5,0.0,occ,1559,2441
1702,dna+occ,150.0,20.0,,0.5,log 20,1500.0,6.0,True,150.0,0.5,0.0,occ,1552,2433
1703,dna+occ,150.0,20.0,,1.0,log 20,1500.0,6.0,True,150.0,0.5,0.0,occ,1557,2427
1704,dna+occ,150.0,20.0,,0.0,log 20,1500.0,6.0,True,150.0,0.5,0.25,dna,1589,2446
1705,dna+occ,150.0,20.0,,0.25,log 20,1500.0,6.0,True,150.0,0.5,0.25,dna,1595,2452
1706,dna+occ,150.0,20.0,,0.5,log 20,1500.0,6.0,True,150.0,0.5,0.25,dna,1605,2454
1707,dna+occ,150.0,20.0,,1.0,log 20,1500.0,6.0,True,150.0,0.5,0.25,dna,1609,2455
1708,dna+occ,150.0,20.0,,0.0,log 20,1500.0,6.0,True,150.0,0.5,0.25,occ,1589,2446
1709,dna+occ,150.0,20.0,,0.25,log 20,1500.0,6.0,True,150.0,0.5,0.25,occ,1587,2448
1710,dna+occ,150.0,20.0,,0.5,log 20,1500.0,6.0,True,150.0,0.5,0.25,occ,1580,2446
1711,dna+occ,150.0,20.0,,1.0,log 20,1500.0,6.0,True,150.0,0.5,0.25,occ,1588,2443
1712,dna+occ,150.0,20.0,,0.0,log 20,1500.0,6.0,True,150.0,0.5,0.5,dna,1590,2447
1713,dna+occ,150.0,20.0,,0.25,log 20,1500.0,6.0,True,150.0,0.5,0.5,dna,1606,2457
1714,dna+occ,150.0,20.0,,0.5,log 20,1500.0,6.0,True,150.0,0.5,0.5,dna,1610,2457
1715,dna+occ,150.0,20.0,,1.0,log 20,1500.0,6.0,True,150.0,0.5,0.5,dna,1610,2450
1716,dna+occ,150.0,20.0,,0.0,log 20,1500.0,6.0,True,150.0,0.5,0.5,occ,1590,2447
1717,dna+occ,150.0,20.0,,0.25,log 20,1500.0,6.0,True,150.0,0.5,0.5,occ,1594,2451
1718,dna+occ,150.0,20.0,,0.5,log 20,1500.0,6.0,True,150.0,0.5,0.5,occ,1592,2450
1719,dna+occ,150.0,20.0,,1.0,log 20,1500.0,6.0,True,150.0,0.5,0.5,occ,1593,2447
1720,dna+occ,150.0,20.0,,0.0,log 20,1500.0,6.0,True,150.0,0.5,1.0,dna,1559,2427
1721,dna+occ,150.0,20.0,,0.25,log 20,1500.0,6.0,True,150.0,0.5,1.0,dna,1578,2437
1722,dna+occ,150.0,20.0,,0.5,log 20,1500.0,6.0,True,150.0,0.5,1.0,dna,1581,2445
1723,dna+occ,150.0,20.0,,1.0,log 20,1500.0,6.0,True,150.0,0.5,1.0,dna,1584,2443
1724,dna+occ,150.0,20.0,,0.0,log 20,1500.0,6.0,True,150.0,0.5,1.0,occ,1559,2427
1725,dna+occ,150.0,20.0,,0.25,log 20,1500.0,6.0,True,150.0,0.5,1.0,occ,1566,2428
1726,dna+occ,150.0,20.0,,0.5,log 20,1500.0,6.0,True,150.0,0.5,1.0,occ,1575,2433
1727,dna+occ,150.0,20.0,,1.0,log 20,1500.0,6.0,True,150.0,0.5,1.0,occ,1572,2433
1728,dna+occ,150.0,20.0,,0.0,log 20,1500.0,50.0,True,150.0,0.0,0.0,dna,1537,2428
1729,dna+occ,150.0,20.0,,0.25,log 20,1500.0,50.0,True,150.0,0.0,0.0,dna,1563,2439
1730,dna+occ,150.0,20.0,,0.5,log 20,1500.0,50.0,True,150.0,0.0,0.0,dna,1581,2447
1731,dna+occ,150.0,20.0,,1.0,log 20,1500.0,50.0,True,150.0,0.0,0.0,dna,1595,2444
1732,dna+occ,150.0,20.0,,0.0,log 20,1500.0,50.0,True,150.0,0.0,0.0,occ,1537,2428
1733,dna+occ,150.0,20.0,,0.25,log 20,1500.0,50.0,True,150.0,0.0,0.0,occ,1548,2430
1734,dna+occ,150.0,20.0,,0.5,log 20,1500.0,50.0,True,150.0,0.0,0.0,occ,1547,2428
1735,dna+occ,150.0,20.0,,1.0,log 20,1500.0,50.0,True,150.0,0.0,0.0,occ,1553,2429
1736,dna+occ,150.0,20.0,,0.0,log 20,1500.0,50.0,True,150.0,0.0,0.25,dna,1582,2446
1737,dna+occ,150.0,20.0,,0.25,log 20,1500.0,50.0,True,150.0,0.0,0.25,dna,1594,2449
1738,dna+occ,150.0,20.0,,0.5,log 20,1500.0,50.0,True,150.0,0.0,0.25,dna,1602,2451
1739,dna+occ,150.0,20.0,,1.0,log 20,1500.0,50.0,True,150.0,0.0,0.25,dna,1619,2455
1740,dna+occ,150.0,20.0,,0.0,log 20,1500.0,50.0,True,150.0,0.0,0.25,occ,1582,2446
1741,dna+occ,150.0,20.0,,0.25,log 20,1500.0,50.0,True,150.0,0.0,0.25,occ,1594,2453
1742,dna+occ,150.0,20.0,,0.5,log 20,1500.0,50.0,True,150.0,0.0,0.25,occ,1598,2450
1743,dna+occ,150.0,20.0,,1.0,log 20,1500.0,50.0,True,150.0,0.0,0.25,occ,1586,2443
1744,dna+occ,150.0,20.0,,0.0,log 20,1500.0,50.0,True,150.0,0.0,0.5,dna,1592,2450
1745,dna+occ,150.0,20.0,,0.25,log 20,1500.0,50.0,True,150.0,0.0,0.5,dna,1614,2456
1746,dna+occ,150.0,20.0,,0.5,log 20,1500.0,50.0,True,150.0,0.0,0.5,dna,1618,2458
1747,dna+occ,150.0,20.0,,1.0,log 20,1500.0,50.0,True,150.0,0.0,0.5,dna,1618,2458
1748,dna+occ,150.0,20.0,,0.0,log 20,1500.0,50.0,True,150.0,0.0,0.5,occ,1592,2450
1749,dna+occ,150.0,20.0,,0.25,log 20,1500.0,50.0,True,150.0,0.0,0.5,occ,1603,2450
1750,dna+occ,150.0,20.0,,0.5,log 20,1500.0,50.0,True,150.0,0.0,0.5,occ,1611,2454
1751,dna+occ,150.0,20.0,,1.0,log 20,1500.0,50.0,True,150.0,0.0,0.5,occ,1590,2446
1752,dna+occ,150.0,20.0,,0.0,log 20,1500.0,50.0,True,150.0,0.0,1.0,dna,1583,2434
1753,dna+occ,150.0,20.0,,0.25,log 20,1500.0,50.0,True,150.0,0.0,1.0,dna,1591,2442
1754,dna+occ,150.0,20.0,,0.5,log 20,1500.0,50.0,True,150.0,0.0,1.0,dna,1591,2438
1755,dna+occ,150.0,20.0,,1.0,log 20,1500.0,50.0,True,150.0,0.0,1.0,dna,1600,2450
1756,dna+occ,150.0,20.0,,0.0,log 20,1500.0,50.0,True,150.0,0.0,1.0,occ,1583,2434
1757,dna+occ,150.0,20.0,,0.25,log 20,1500.0,50.0,True,150.0,0.0,1.0,occ,1587,2436
1758,dna+occ,150.0,20.0,,0.5,log 20,1500.0,50.0,True,150.0,0.0,1.0,occ,1594,2440
1759,dna+occ,150.0,20.0,,1.0,log 20,1500.0,50.0,True,150.0,0.0,1.0,occ,1588,2441
1760,dna+occ,150.0,20.0,,0.0,log 20,1500.0,50.0,True,150.0,0.25,0.0,dna,1549,2437
1761,dna+occ,150.0,20.0,,0.25,log 20,1500.0,50.0,True,150.0,0.25,0.0,dna,1578,2447
1762,dna+occ,150.0,20.0,,0.5,log 20,1500.0,50.0,True,150.0,0.25,0.0,dna,1589,2444
1763,dna+occ,150.0,20.0,,1.0,log 20,1500.0,50.0,True,150.0,0.25,0.0,dna,1602,2445
1764,dna+occ,150.0,20.0,,0.0,log 20,1500.0,50.0,True,150.0,0.25,0.0,occ,1549,2437
1765,dna+occ,150.0,20.0,,0.25,log 20,1500.0,50.0,True,150.0,0.25,0.0,occ,1556,2443
1766,dna+occ,150.0,20.0,,0.5,log 20,1500.0,50.0,True,150.0,0.25,0.0,occ,1551,2433
1767,dna+occ,150.0,20.0,,1.0,log 20,1500.0,50.0,True,150.0,0.25,0.0,occ,1563,2430
1768,dna+occ,150.0,20.0,,0.0,log 20,1500.0,50.0,True,150.0,0.25,0.25,dna,1594,2446
1769,dna+occ,150.0,20.0,,0.25,log 20,1500.0,50.0,True,150.0,0.25,0.25,dna,1597,2447
1770,dna+occ,150.0,20.0,,0.5,log 20,1500.0,50.0,True,150.0,0.25,0.25,dna,1616,2450
1771,dna+occ,150.0,20.0,,1.0,log 20,1500.0,50.0,True,150.0,0.25,0.25,dna,1617,2455
1772,dna+occ,150.0,20.0,,0.0,log 20,1500.0,50.0,True,150.0,0.25,0.25,occ,1594,2446
1773,dna+occ,150.0,20.0,,0.25,log 20,1500.0,50.0,True,150.0,0.25,0.25,occ,1594,2446
1774,dna+occ,150.0,20.0,,0.5,log 20,1500.0,50.0,True,150.0,0.25,0.25,occ,1596,2452
1775,dna+occ,150.0,20.0,,1.0,log 20,1500.0,50.0,True,150.0,0.25,0.25,occ,1591,2448
1776,dna+occ,150.0,20.0,,0.0,log 20,1500.0,50.0,True,150.0,0.25,0.5,dna,1601,2456
1777,dna+occ,150.0,20.0,,0.25,log 20,1500.0,50.0,True,150.0,0.25,0.5,dna,1611,2459
1778,dna+occ,150.0,20.0,,0.5,log 20,1500.0,50.0,True,150.0,0.25,0.5,dna,1620,2458
1779,dna+occ,150.0,20.0,,1.0,log 20,1500.0,50.0,True,150.0,0.25,0.5,dna,1614,2452
1780,dna+occ,150.0,20.0,,0.0,log 20,1500.0,50.0,True,150.0,0.25,0.5,occ,1601,2456
1781,dna+occ,150.0,20.0,,0.25,log 20,1500.0,50.0,True,150.0,0.25,0.5,occ,1605,2456
1782,dna+occ,150.0,20.0,,0.5,log 20,1500.0,50.0,True,150.0,0.25,0.5,occ,1601,2452
1783,dna+occ,150.0,20.0,,1.0,log 20,1500.0,50.0,True,150.0,0.25,0.5,occ,1598,2453
1784,dna+occ,150.0,20.0,,0.0,log 20,1500.0,50.0,True,150.0,0.25,1.0,dna,1570,2430
1785,dna+occ,150.0,20.0,,0.25,log 20,1500.0,50.0,True,150.0,0.25,1.0,dna,1584,2437
1786,dna+occ,150.0,20.0,,0.5,log 20,1500.0,50.0,True,150.0,0.25,1.0,dna,1584,2434
1787,dna+occ,150.0,20.0,,1.0,log 20,1500.0,50.0,True,150.0,0.25,1.0,dna,1592,2440
1788,dna+occ,150.0,20.0,,0.0,log 20,1500.0,50.0,True,150.0,0.25,1.0,occ,1570,2430
1789,dna+occ,150.0,20.0,,0.25,log 20,1500.0,50.0,True,150.0,0.25,1.0,occ,1579,2438
1790,dna+occ,150.0,20.0,,0.5,log 20,1500.0,50.0,True,150.0,0.25,1.0,occ,1585,2440
1791,dna+occ,150.0,20.0,,1.0,log 20,1500.0,50.0,True,150.0,0.25,1.0,occ,1577,2435
1792,dna+occ,150.0,20.0,,0.0,log 20,1500.0,50.0,True,150.0,0.5,0.0,dna,1547,2430
1793,dna+occ,150.0,20.0,,0.25,log 20,1500.0,50.0,True,150.0,0.5,0.0,dna,1570,2439
1794,dna+occ,150.0,20.0,,0.5,log 20,1500.0,50.0,True,150.0,0.5,0.0,dna,1589,2437
1795,dna+occ,150.0,20.0,,1.0,log 20,1500.0,50.0,True,150.0,0.5,0.0,dna,1595,2444
1796,dna+occ,150.0,20.0,,0.0,log 20,1500.0,50.0,True,150.0,0.5,0.0,occ,1547,2430
1797,dna+occ,150.0,20.0,,0.25,log 20,1500.0,50.0,True,150.0,0.5,0.0,occ,1559,2441
1798,dna+occ,150.0,20.0,,0.5,log 20,1500.0,50.0,True,150.0,0.5,0.0,occ,1552,2433
1799,dna+occ,150.0,20.0,,1.0,log 20,1500.0,50.0,True,150.0,0.5,0.0,occ,1557,2427
1800,dna+occ,150.0,20.0,,0.0,log 20,1500.0,50.0,True,150.0,0.5,0.25,dna,1589,2446
1801,dna+occ,150.0,20.0,,0.25,log 20,1500.0,50.0,True,150.0,0.5,0.25,dna,1595,2452
1802,dna+occ,150.0,20.0,,0.5,log 20,1500.0,50.0,True,150.0,0.5,0.25,dna,1605,2454
1803,dna+occ,150.0,20.0,,1.0,log 20,1500.0,50.0,True,150.0,0.5,0.25,dna,1609,2455
1804,dna+occ,150.0,20.0,,0.0,log 20,1500.0,50.0,True,150.0,0.5,0.25,occ,1589,2446
1805,dna+occ,150.0,20.0,,0.25,log 20,1500.0,50.0,True,150.0,0.5,0.25,occ,1587,2448
1806,dna+occ,150.0,20.0,,0.5,log 20,1500.0,50.0,True,150.0,0.5,0.25,occ,1580,2446
1807,dna+occ,150.0,20.0,,1.0,log 20,1500.0,50.0,True,150.0,0.5,0.25,occ,1588,2443
1808,dna+occ,150.0,20.0,,0.0,log 20,1500.0,50.0,True,150.0,0.5,0.5,dna,1590,2447
1809,dna+occ,150.0,20.0,,0.25,log 20,1500.0,50.0,True,150.0,0.5,0.5,dna,1606,2457
1810,dna+occ,150.0,20.0,,0.5,log 20,1500.0,50.0,True,150.0,0.5,0.5,dna,1610,2457
1811,dna+occ,150.0,20.0,,1.0,log 20,1500.0,50.0,True,150.0,0.5,0.5,dna,1610,2450
1812,dna+occ,150.0,20.0,,0.0,log 20,1500.0,50.0,True,150.0,0.5,0.5,occ,1590,2447
1813,dna+occ,150.0,20.0,,0.25,log 20,1500.0,50.0,True,150.0,0.5,0.5,occ,1594,2451
1814,dna+occ,150.0,20.0,,0.5,log 20,1500.0,50.0,True,150.0,0.5,0.5,occ,1592,2450
1815,dna+occ,150.0,20.0,,1.0,log 20,1500.0,50.0,True,150.0,0.5,0.5,occ,1593,2447
1816,dna+occ,150.0,20.0,,0.0,log 20,1500.0,50.0,True,150.0,0.5,1.0,dna,1559,2427
1817,dna+occ,150.0,20.0,,0.25,log 20,1500.0,50.0,True,150.0,0.5,1.0,dna,1578,2437
1818,dna+occ,150.0,20.0,,0.5,log 20,1500.0,50.0,True,150.0,0.5,1.0,dna,1581,2445
1819,dna+occ,150.0,20.0,,1.0,log 20,1500.0,50.0,True,150.0,0.5,1.0,dna,1584,2443
1820,dna+occ,150.0,20.0,,0.0,log 20,1500.0,50.0,True,150.0,0.5,1.0,occ,1559,2427
1821,dna+occ,150.0,20.0,,0.25,log 20,1500.0,50.0,True,150.0,0.5,1.0,occ,1566,2428
1822,dna+occ,150.0,20.0,,0.5,log 20,1500.0,50.0,True,150.0,0.5,1.0,occ,1575,2433
1823,dna+occ,150.0,20.0,,1.0,log 20,1500.0,50.0,True,150.0,0.5,1.0,occ,1572,2433
